%pc_wealth_adj,factor
194027.8,980
205106.8,2224
100736.2,526
84555.84,237
360642,349
92374.52,862
291799.6,579
237808.9,884
413049.5,1292
123869.1,3730
103446.9,1263
133378.5,701
189482.2,1981
116124,280
107023.8,58
90534.73,2837
134713.5,98
194018.5,4681
287389.4,2605
36120.9,970
105610.1,1967
110745.1,1555
391230.8,1851
57796.89,300
86642.29,580
66531.26,526
973874.9,1861
102261.1,445
161143.7,948
549056.3,246
142616,1339
371366.9,1663
253553,497
299270.7,633
150806.9,1414
462468.8,4037
604158.3,6058
11015.63,33
135287.5,818
166318.2,409
199599.4,433
31084.63,4504
118812.8,77
201260.3,433
106182,3009
271914.8,1967
182263.9,124
558640.1,1062
396589.5,1170
280181.3,1161
162848.2,366
194548.6,1786
137264.8,6226
84179.03,998
139399.5,9498
159981.3,1125
99226.89,654
9392.69,575
122512.7,3218
403828.8,357
67706.9,944
718841.8,1427
38873.79,2367
19263.61,130
128848,2171
149212.7,4504
76028.3,2535
464991.3,2106
274112.3,2785
111959.8,549
31216.09,2331
201568,1778
60636.08,134
277033.5,6226
54978.73,3086
143922.3,474
136409.5,769
118398.6,723
182295,1960
27607.93,622
67509.79,410
139847.7,497
61301.24,832
271389.6,1659
38029.39,1853
129376.5,962
211343.2,1221
334596.3,1851
401862.3,1420
93836.27,1522
100114.8,897
241361,1339
419371.6,1039
233624.3,2397
166850,393
58810.4,2307
74703.83,1019
886754.8,1194
488522,143
115595.9,280
58930.77,2583
147887.3,9971
154502.8,771
305193.2,523
202120.3,21042
96660.63,1291
80660.89,433
77821.38,2307
189590.6,728
370725.3,1765
216943.7,769
45644.46,543
434761.8,633
289388.3,584
213888.5,165
265318.3,2753
84045.26,1291
162067.5,1206
108775.6,3840
37175.25,1392
134314.9,10275
130661.2,980
37457.54,1491
144389.4,956
261725.4,6599
79617.66,2605
105193,1859
66846.31,1502
164184.8,2157
93285.34,3381
49946.29,528
165773.2,2728
247190,1130
26711.24,334
305796.1,1068
46600.31,13490
60423.63,1789
116654.9,744
203157.7,1378
77219.91,1348
188675.3,509
66030.8,699
86600.07,701
61979.85,85
683677.6,1490
90406.8,1262
164820,2535
159124.5,2020
152045.9,1805
323166.4,588
87084.8,6601
484115,1386
166006.4,445
16557.63,2753
568921.6,1400
94861.48,403
16383.19,333
76068.05,1279
342992.5,1003
568418.8,181
154688.6,956
397019.3,1558
174684.1,800
189493.2,9498
137738.8,1436
203709.2,551
350577.7,1973
41582.45,622
76823.16,1350
123745,172
138166.6,1279
12371.47,575
223799.2,2192
0,102
320103.5,2278
106762.8,1414
633969.8,3504
302839.2,1417
122512.7,2246
64107.53,1859
502015.8,10179
203472,832
153561.9,2032
625307.4,876
99768.73,497
386519.3,413
240074.5,783
109012.6,723
171078.8,599
54682.71,1452
90149.66,546
151501.6,323
116654.9,580
255371.5,509
160405.6,576
122028.1,832
414494,2397
72182.62,1859
146075.6,486
30543.49,2728
264918.7,131
159969.2,348
708317.6,1960
183775,124
402266,526
154481.3,2397
189463.9,1806
273726.6,1584
228277,701
67328.06,1859
41464.08,334
220348.6,581
75761.26,1562
20431.69,591
43321.43,85
838375.8,1328
66013.06,1806
130879.3,2728
92097.21,488
200813,6527
324918.6,801
62176.3,896
104566.5,395
135085.5,1136
103016.6,1660
71887.75,631
55551.8,1853
114071,583
107317.3,1013
95919.24,1209
9872.412,354
37808.81,207
233750.9,537
63389.75,1191
566262.9,5424
67412.07,1491
72576.74,1551
30685.06,1096
146772,681
262717.5,2397
531578.3,1575
73055.33,85
74481.11,853
94099.73,1378
135076.6,366
93779.2,404
71204.49,2403
206536.3,526
18690.25,164
207645.1,642
194300.1,357
253554,70
203316.9,528
96819.99,1339
294331.6,700
21799.13,1491
205087.1,1206
269427.3,2302
337921,1820
184947.1,1442
106254.5,579
168320.2,1274
41028.79,393
413573.6,2114
64058.72,301
198221.5,526
120680.5,323
71307.98,1796
42328.51,528
112074.8,1289
125477.5,884
167233.5,428
472162.9,766
51111.05,2871
84537.27,315
348873.4,1620
238496.4,738
115512.9,296
355713.2,1522
238632,1601
102964.3,897
35686.75,79
147962,1071
173350.3,1401
186498.5,205
409831.5,2606
263333.6,2120
134556.4,769
120961.2,1929
289285.4,593
144739.2,688
144826.2,1263
68070.27,1355
230561.4,1355
99026.89,7254
126982,2007
239138.7,155
56875.35,1069
306556.9,441
81214.64,410
239138.7,1143
184039.1,1161
134089.4,2596
185788.2,567
15574.64,354
336984.1,1069
102572,2785
238311.7,1820
448341.4,348
719944.7,166
123991,1066
10544.82,2583
258009.7,124
161780.4,3990
110807.1,599
188616.8,368
30850.99,179
144103.2,1776
611066,822
12842.41,389
156910.9,5277
68809.35,2955
289055.8,599
34760.7,560
244474.1,2272
291129.2,955
161868.5,866
542984.3,1149
36785.45,485
45287,1149
62432.87,1754
159694.4,416
207428.9,1080
35174.71,528
150596,1859
393263.5,1973
137385,1776
143296.7,4046
318491.7,766
234932.6,1885
74588.07,1853
0,526
218224.1,1003
232674.7,5039
81851.08,323
126612.4,488
64502.42,1620
65090.36,4632
57098.24,83
127685.8,1050
191650.7,1789
60645.91,54
161642.5,168
15530.01,497
172779.5,959
174495.5,4037
89095.49,2285
84046.41,1355
125349.1,301
309081.3,707
172614.1,433
193668.4,366
166773.8,1546
10012.91,1929
309605.7,726
194390,2955
145478,1355
815593.4,1847
451712.3,143
9172.423,141
120375.3,1584
49040.99,796
205911.4,800
182521.7,2535
73253.32,41
129594.9,1096
71917.25,3457
150602.8,533
41464.08,207
166773.7,1994
50864.86,334
216571.7,798
174749.5,1031
112253.3,571
353217.5,3430
6754.978,1802
34870.16,497
320618.8,896
105402.8,312
65326.91,1149
137771.9,4490
90315.1,1078
52261.52,1538
260747.3,784
98879.87,497
7369.903,1802
133729.8,2238
214941.7,2238
139682.5,1063
65541.02,2505
61872.51,1515
138583.1,2464
168978.3,1050
240141.6,785
322122.4,577
153646.3,557
104342.9,348
43990.36,497
325312.9,650
346398.3,1490
89638.13,2367
164949.5,1379
170345.9,759
306778,431
484531.4,679
127841.9,4165
84876.91,275
363909.2,537
55197.98,2781
172532.5,1395
128603.3,946
99341.78,7402
92844.25,275
184767,3457
144629.1,397
458325.8,549
154449,1826
101411.8,540
132062.6,560
74756.23,1816
57498.52,983
109022.2,894
463350.3,1101
61458.53,3095
67237.13,1258
58602.58,996
39526.07,630
192241.9,694
23998.2,275
130360.4,9488
369794.9,261
280632.9,6407
56940.69,710
98796.91,1454
567345.6,654
94448.06,44
94879.21,1125
68381.32,524
467052,6058
180299.3,103
325684.8,925
91576.45,771
256380.4,526
38444.8,296
279053.7,1050
97416.74,3457
115393.7,1443
646317.1,1401
0,1378
198936.9,3884
111108.8,275
99793.01,832
185363.5,1919
62485.17,373
124397.7,2776
156080.5,580
586796.4,1468
84614.71,3430
85185.98,584
138430.8,584
97542.66,1704
133219,497
141261.3,716
111685.3,967
138263,1304
80453.67,699
102032,2730
94902.57,1206
476192.1,1244
568070,1551
101153.2,1826
132026.1,1186
47925.17,996
77367.73,832
178013.5,628
170649,1490
14740.24,179
135627.1,1378
453546.9,615
410729.6,8344
337025.1,723
170006.7,728
48925.61,884
74749.56,2176
504544.2,263
56540.08,244
73902.06,1534
16102.66,1351
217876.6,348
125275.7,42
150034.8,1069
1339.891,141
172082.7,1919
101344.2,380
140606.5,6753
576773.9,1796
149394.8,696
115501.5,622
311657.3,662
188143.3,584
101371.1,2238
156421.8,1792
24031.24,560
190953.7,1050
113581.3,436
300816.4,1378
71806.34,120
305320.3,1255
178596,442
141614.5,576
44398.62,1161
163812.7,900
78499.88,1405
687507.3,108
0,343
157982.8,1198
77203.93,182
374475.3,143
61794.2,445
238425.3,1161
56713.22,318
219394.5,1620
164003.5,1468
97946.53,1033
132496.6,2781
95037.92,207
149914.2,459
150602.8,479
282691.8,959
71503.45,154
90992.28,275
219624.3,798
130406.5,2238
175465.9,1880
962977.6,110
563377.7,668
174380.6,1859
236540.3,1384
61186.73,1968
139692.7,759
95163.95,724
555769.7,1050
147515.5,439
180554.4,1744
301806.3,580
844104.4,397
28523.19,4370
50002.11,1776
753121.7,50791
144708.4,1648
232806.9,1165
33046.9,130
283328.7,1620
27498.89,302
131584.2,3152
63497.09,3773
76068.05,1034
223920.8,3049
153652,1045
224779.6,1221
98195.35,4072
278771.3,635
49108.15,462
143405.9,5732
134890.3,470
70871.98,54
127685.8,4373
51468.75,775
404029.5,1826
90179.76,497
84645.42,1031
117358,9794
257304.9,1050
507648,800
181762.6,1045
68547.16,366
122460.4,436
251042.4,477
152239.4,1014
92993.15,352
133060,44
100083.4,700
151176.1,866
74394.52,366
50059.29,2730
125395.7,862
347549.9,1998
175807.8,1551
15832.4,1047
130087.1,1885
184572.5,593
22156.92,2367
161063.6,433
203411.1,409
80134.41,818
106845.9,1096
376723.8,1659
82619.72,635
160268.8,909
228024.8,1420
59285.22,1429
73782.19,1061
135882.5,962
98731.09,134
108055.6,1071
132401.9,1071
55611.52,1071
641639.9,429
62949.5,154
92386.34,168
442854.6,567
433828.7,915
117518.8,342
156889.7,410
347512.7,3504
111284.2,526
463576.9,139
397817,2035
98010.19,2282
216394.9,1544
402944.7,1730
90149.66,1206
82775.94,528
752519.3,486
267231.7,312
545144.9,2609
48081.36,1348
109654.1,732
31095.81,546
65756.9,1808
298394.4,6407
94029.9,54
205392.4,263
115468.2,896
212778.9,433
176238.9,1299
168297,599
103714.4,343
128775.3,187
354871.7,2331
95792.38,343
539600.1,1014
204060.7,900
111432.2,433
193374.3,1414
60005.21,1352
420124.8,1096
132170.7,3664
141694.7,785
454070.4,1034
36109.15,380
68148.79,769
120961.2,1551
76022.93,2400
533017.6,442
89638.66,3457
28932.07,1066
141936.1,519
42242.8,2728
26635.01,2192
40052.94,5396
119221.3,1355
129956.7,973
120621.7,2785
128007.1,4037
123248.3,493
136383.4,6579
193579.3,340
256034.2,3884
97627.94,800
0,271
265665.2,5424
146607.1,102
190563.7,1960
100736.2,1660
150621.5,749
458143.6,3457
98191.14,662
197636.4,79
77119.63,399
52863.23,980
156317,2829
81734.98,320
4005.165,1507
147182.8,414
92168.44,716
86070.78,1660
122685.9,732
4287.651,1491
449164.9,366
151284.2,1007
108076.2,571
68743.63,1260
315220,1143
374562.9,539
70313.37,1114
235951.5,3095
148382.5,72
544111.7,1660
40134.16,575
157543.3,761
78243.89,1354
59691.44,119
64159.53,6599
179340,1024
261293.8,676
187664.3,1003
312060.3,41
172986.5,962
252857.8,1372
131856,1653
160268.8,417
142353.9,654
110623.3,594
175287.5,549
227244.3,3004
103314.1,700
250448.9,1299
253625.6,5424
15542.32,148
181812.6,962
191832.5,124
177311.6,701
140844.1,1929
115550.4,2728
215705.6,1789
96819.95,464
106040.9,2535
66462.24,1786
126777.5,340
188012.7,2106
164881,416
112197.8,2776
37956.71,1351
81982.82,1113
195101.2,1161
141424.5,98
108913.8,2753
25830.15,334
93312.22,1350
180689.2,700
31191.57,389
570355.1,1279
425274.8,2730
109356.6,392
88154.58,738
354004.5,1851
296.5064,141
141576.3,738
18226.09,343
223655.3,544
10897.03,343
179485.5,164
95708.97,1221
6675.275,343
165717.7,1806
88263.53,738
472469.6,654
52286.95,343
119056.4,1096
94892.38,1166
69202.44,1507
198678.3,98
179630.2,1333
255126.1,657
227675.6,5064
267767.3,141
15986.12,124
127193.4,2345
388165.8,1021
251734.4,3218
78006.94,366
143130.5,1620
91778.7,1853
42328.51,275
45791.09,246
29197.56,1454
123755.6,488
220940.9,784
125275.7,1265
101109.5,3049
116311.3,1253
330955.7,1253
57242.88,696
0,1927
47263.93,7254
137151.8,1109
130669.1,884
137320.3,1453
243446.2,653
227139.9,978
129232.2,61
305244.4,439
51511.13,540
936740.4,1776
164620.6,142
531242.6,884
108327.4,3445
143994,1114
98180.04,1356
376902.3,438
360933.2,1286
273813.8,4370
90720.93,1243
425857.2,800
66300.26,6599
689029.9,1423
167692.3,920
70447.73,3609
187846.4,6800
270546.9,884
437688.1,1136
75248.61,1066
268098.1,2157
170572.3,576
302433.5,884
376733,884
126443.4,3609
90762.91,1364
506935,332
185684.5,433
79052.13,2181
119766.1,603
197890.4,131
59495.96,36
116977.8,1033
224823.4,339
24139.32,2181
56408.35,1103
184298.7,1305
66013.06,605
41318.79,2181
160728,1209
382144.7,1968
40533.36,3773
93037.2,744
360646.7,2157
253523.3,464
158130.1,1338
142838.7,1253
280607.7,6318
270716.8,750
362.5461,154
5277.467,33
173656,652
153433.8,1178
152532.5,879
440002.9,142
186940.1,2171
49498.01,57
162005.1,462
210612.8,1303
49498.01,1808
122899.6,451
289202.9,1885
110623.3,1369
710483.1,1968
164907.5,3445
499682.3,1608
966.8795,22
29966.14,1047
638361.3,205
706779.7,271
243257.3,271
41028.79,1170
103014.3,920
3189.682,22
141557.5,1143
58929.78,1929
289426.2,9498
14430.66,154
4611.89,334
80134.41,428
130330.1,1744
436898.5,1453
959498.6,826
46659.27,3409
166789.5,1977
331267.7,1357
368905,978
102572,581
328621.3,509
148675.2,569
5403.982,33
65925.3,1103
201518.3,514
211753.7,1143
674240.7,1186
31869.24,622
108070.2,3884
58564.11,1515
149694.6,1240
129919.5,1789
345982.8,1400
299917.9,421
33021.33,724
163032.5,737
89763.37,509
343111.4,210
152886.6,1301
81892.48,2505
220299,509
49498.01,403
311883,977
82451.84,110
90654.97,311
35355.72,318
170920.3,537
143775.5,674
264692.8,324
441078.5,627
94746.59,451
145310.5,1620
90762.91,6599
5186.772,237
292488.1,1452
238758.3,381
43731.96,12
173746.1,275
434298.3,723
106281.3,1454
80635.92,593
30237.16,2955
574872.9,1186
116987.3,404
313671.5,2035
189067.4,205
133367.1,1425
309937.6,2147
266285.8,1660
89326.53,534
175001.6,316
215123.7,509
131096.5,3285
32407.21,36
43932.11,451
129828.4,7149
73502.68,1149
157038.6,977
120758.1,4504
220713.5,1907
140524.6,436
99226.89,654
63833.41,1802
453852.5,1279
49498.01,509
358380.8,6058
193428.2,925
177645.3,962
81192.17,1186
103573.5,686
92395.45,208
253830.9,4037
294938.8,859
121838.8,654
302056.7,1443
226058.5,1125
661557,1355
284035,1452
126349.6,1125
53034.79,1826
-3276.536,275
71840.63,528
358787.5,980
159425.8,1620
70757.34,724
307303.3,1683
198990.9,1700
192226.1,1994
163946.2,381
94061.66,58
241492.4,769
93596.62,4370
313092.4,320
459148.8,1000
78991.38,956
135907.3,302
166547.8,1301
13353.66,36
203188.5,2367
179351.7,205
0,884
199962.8,251
101772.2,1221
189867.3,1221
253702.4,3990
148440.6,354
51285.99,593
284430,112
64093.02,1660
324743.2,2810
27972.52,1221
97845.64,686
278528.6,1221
86637.16,1454
187278.7,906
104876.7,428
440263.6,436
230158,120
320751.1,4022
89839.02,1333
189002.5,1305
140629.2,1048
299985.5,931
13417.83,179
194217.7,973
340709.8,915
154385.8,1785
38693.53,404
70447.14,2801
94241.2,296
162455.4,844
406687.8,3897
56918.13,2781
82392.33,549
150584.2,5108
90191.38,1071
127192.2,1789
158104.3,654
157472.6,934
108048.4,9021
253807.2,728
83905.3,800
76813.29,674
116403.5,323
184042.7,1096
212343.2,1122
204051.7,311
257645.1,591
124098.7,275
168501.5,1180
158104.3,954
257137.6,2176
308245.1,1509
160170.7,41
60346.28,2367
366238.7,577
300240.5,395
97296.49,36
73932.47,591
201770,1660
157982.8,1137
25248.02,13490
14881.59,1802
510273.4,2181
196741.5,3095
187668.7,1660
100736.2,433
41875,832
338074.4,181
37075.12,179
271125.2,2324
241170.2,98
69938.2,1206
104469.4,622
90361.7,462
271207.6,1062
160947.8,967
157724.5,1515
320215.9,50791
242528.8,497
188877.3,8864
64107.53,728
114105.6,1875
141510.6,2785
264004.5,433
140734,51
118675.8,800
106845.9,381
25769.74,1491
148818.8,50791
142353.9,3409
606220,1608
135949.6,1502
130883.6,1138
136328.4,2829
164946.5,1919
68767.36,44
403412.3,479
222820.2,825
51224.35,652
471761.3,647
100497.2,12
125720.3,1704
94789.66,1333
378424.9,783
54033.57,301
102959.9,2505
159246.8,476
330893.8,1244
848057.9,401
412461.8,331
262484.6,436
63274.51,1047
637493.1,634
54439.04,296
51319.18,337
97168.69,579
567700.8,442
60247.07,1032
306425.2,1712
164813.3,421
222063.7,1480
120961.2,6601
436544.4,1820
139151.3,414
403239.4,500
337045.4,509
129176.8,526
557821.6,1501
154934.7,792
114041.3,1105
267597.3,1149
324860.9,1003
122512.7,1801
157800.6,2397
227332,930
85549.22,13490
70633.56,2192
132493.5,334
473551.8,9950
149511,2397
415099.4,570
427788.7,866
109017.9,775
181441.9,1313
25054.34,1405
75306.91,119
156382.4,72
59048.52,1216
95860.29,1981
15148.05,1386
148592.1,962
364886.4,8340
172653.1,526
95740.67,333
126308.6,1522
129393.6,1048
149794.3,769
331695.8,373
178537.9,271
167055.5,451
33840.08,79
514049.1,479
188113.7,1379
40618.91,1660
348295.4,825
521516.3,479
236225.1,366
117792.5,605
305987.3,1453
298529.6,526
36656.27,1452
169768,1522
83425.23,563
251483.2,123
210808.5,509
219273.1,1161
189122.2,3049
196994.7,2120
282377.2,1919
247744.5,410
39368.25,1024
21051.82,237
40395.78,2728
408385.7,1045
144988.4,110
51285.99,581
618756.3,1199
23980.2,389
183988.9,1165
193707.7,1744
190855.8,72
128271.7,759
209448.4,576
259169.2,1357
95799.95,1050
359857.9,421
173585.5,888
53082.27,2781
114210.4,459
95031.94,1544
130406.5,17079
75104.55,1538
256150.6,2106
23888.06,1047
282402,470
141154.8,1304
41179.9,141
313158.1,331
116790,433
74484.3,232
889044.7,688
351161.8,463
113169.1,3664
25353.38,263
277944.6,818
67598.43,1096
70553.37,1663
276862.8,366
209817,412
350714.5,1968
85115.59,79
128080.1,176
68381.32,796
150602.8,570
398982.7,804
44450.2,389
108214.1,2781
102316.9,3094
94488.34,433
151557.8,414
232334.1,605
231265,442
166623.4,1105
56639.86,801
200189.8,8728
492508.3,2157
246880.5,497
181245.1,445
95850.34,775
139206,9794
162629.4,686
325386.1,681
644021.3,1314
174789.5,1084
131588.7,875
349375.7,488
804716.5,1998
180443.9,795
200500.6,1031
90149.66,1033
159766.1,1301
217355.9,673
109287.7,895
64170.59,228
104736.7,1876
181979.6,1876
189748.8,1427
483446.3,429
260481.1,2557
292487.9,2505
68579.36,1648
245205,1730
65842.67,1507
81479.3,1031
290597.5,148
169487.1,232
122230.9,1876
156737.5,2776
99901.9,1364
157724.6,6800
34489.89,1802
65291.8,102
124414.8,323
86988.88,3457
155454.7,476
146422.7,339
158594.2,1820
132296.3,433
110404.4,2776
4523.543,1047
89306.34,403
281444.1,445
49040.99,516
670441.7,800
51831.72,752
149397,879
219166,85
160945.5,1907
235566.2,660
196254.7,436
105621.5,1429
643655.8,160
371215.4,1376
465767.1,1068
316268.4,1376
87792.19,1299
437415,925
138135.2,1880
57083.15,1034
165938.8,1776
108003.1,102
458671.2,1013
150602.8,1611
773382.3,713
62519.47,3449
422060.6,340
3041.575,33
115349.9,2801
189622.2,722
118487.1,1663
419193.9,1575
81483.83,733
166950.3,723
41494.41,13490
242504.4,1417
163196.5,1014
307408.7,3152
116425.9,220
288927.3,1986
267121.1,5039
173440,719
58220.97,900
26226.6,237
80810.27,2801
160633.7,500
91210.8,1885
648389.4,570
100642.9,3884
70377.2,9488
363366.5,716
660592.6,5039
208490.9,1802
182441,331
101847.3,761
201814.9,2282
51285.99,1480
211465.8,1268
174475.3,1816
188580.4,657
579876.9,707
622501.6,1474
237860.7,5064
354036.3,1114
119952.6,486
1451.081,130
173719,769
585474.9,1776
163573.8,413
27364.58,700
126137.1,1309
114890.1,1114
353163,608
83714.16,754
131676.6,10715
249731.5,1792
42328.51,1780
549882.9,4504
108256.2,716
124211.2,1697
358258.7,682
98760.27,3840
126653.3,674
315078.9,1653
361711.5,1660
64252.96,738
83459.89,1172
176588.6,1480
188652,110
126733.7,557
162002.2,2505
111780.8,2505
253017.5,766
129004.8,304
103784,164
762135.2,380
135354.6,825
377160.8,1779
246657.9,358
311098.7,110
198189.6,528
129584.6,1532
595649.8,800
44469.68,179
24386.29,179
2438.328,179
53470.29,179
187956.1,726
98315.88,3449
519761.4,5568
79141.57,1780
90149.66,2785
567731.3,2190
194952.3,1031
115052,164
260148.9,232
118642.4,1491
268299,934
145532.2,2007
74803.39,863
432924.6,526
336344.8,352
102982.7,897
211114.7,410
89004.05,1348
422916.3,1813
487745.2,476
82717.82,4370
31084.63,1728
49040.99,759
90965.38,1348
330478.9,1648
39738.06,1363
83901.38,1648
122061.5,1806
271186.4,410
205144,3940
77622.91,1348
90819.15,563
752423.3,730
265207.3,688
233591.4,41
167473.3,559
360598.6,373
555949.8,6300
113920.7,2753
291882.2,1522
404713.8,6173
61301.24,348
509795.7,723
142914.3,1149
80588.93,9021
322297.9,1266
412987.4,1301
317239.1,9794
24681.03,275
432066.6,412
205928.5,1083
313978.3,2105
259254.2,972
82270.45,701
175807.8,737
62869.75,1000
110657.1,5064
307872.8,9794
143414.7,399
69745,332
680009.9,5039
129118.5,1364
130941.2,724
189055.7,470
43379.09,5063
451332.6,5064
168070.7,652
138865.7,148
195647.9,1544
1091.725,22
189055.7,462
108874.7,779
11917.75,296
131796,944
263592.7,3430
356300.2,316
139745.3,1066
150526.5,476
177598.8,738
130653.8,1548
133139.7,3940
429964.2,1364
575920.3,2372
94789.66,769
231861.2,2779
199597.2,900
167778.8,6300
27162.77,366
133107.2,2176
239468.1,366
511166,341
55311.66,2727
104198.7,2063
129820.4,761
144588.1,907
11286.43,1507
21051.49,2781
109182.5,5063
356836.6,4757
80053.97,5063
239624.3,577
143469.2,255
37083.34,2753
496198.6,544
104277.1,6601
254690.8,593
83841.37,455
112912.2,759
20602.93,956
158858.5,1532
52380.92,2439
42305.9,1853
35835.99,3086
118998.1,56
239196.5,464
185060.5,1697
68070.6,3381
335576.4,1977
125708.9,2895
111468.1,433
256710.6,1031
100736.2,2810
96803.03,1730
157038.6,1981
29388.64,85
145600.7,2457
114697.2,141
249827.2,724
105616.8,5515
312122.8,5108
41613.56,164
217814.6,800
323395.3,3421
220421.1,2135
998854.5,2035
158238.3,698
292726.1,707
135606.5,5732
180080.7,1118
42876.51,1019
106178,244
68381.32,1660
103667.7,777
93323.88,738
246991.4,1765
103595.7,1253
665939.9,1122
161096.8,1363
21387.3,1507
236974.2,1885
175324.6,1061
160854.1,1309
85405.48,410
122369.9,1258
291201.4,1620
96853.9,652
91165.99,124
430186.3,366
241137.2,1350
104171.1,301
59893.24,83
135344.1,1309
74172.2,1350
89275.76,2781
23357.97,1296
57796.89,1853
61914.5,1820
93147.94,1376
39750.64,1363
153953.4,1680
92590.7,44
536307.8,366
320537.7,526
49498.01,1735
125062.8,275
333900.6,896
510269,1286
178446,41
171302.6,1309
171410.1,1880
174190,981
88600.46,1826
110135.2,110
460777.9,7772
168845.6,1601
362904.9,455
53481.87,10715
72676.77,4563
492249.4,2192
85641.66,323
129315,366
262022.2,6753
91472.86,1191
195176.3,124
206115.3,2114
408372.3,679
124049.6,5396
150476.1,462
102790.3,4373
305544.3,1143
41868.47,237
166167.4,9021
259305.3,2372
188229.3,688
330336.3,738
97715.65,1660
191312.7,1712
228726.4,57
197778.7,1663
559779.4,723
82744.32,3187
78544.03,1555
141896.9,1700
58600.06,710
92770.23,1309
198787.6,1620
36535.39,5929
964257.1,10715
150165.2,3884
112952.1,3664
293839.6,320
153275.2,7772
116661,1467
169313.3,712
202414,528
436993.3,1968
9516.878,22
300301.8,1279
228069.9,10715
160268.8,539
412516.8,1309
70472.16,818
518618.3,160
24681.03,311
227836.5,2606
118095.7,7772
151441.9,433
295636.7,368
193127.9,977
436092.9,324
182136.7,1994
100423.3,1968
134111.4,1420
109012.5,6800
146932.4,1620
51245.59,2122
326394.8,1014
123030.2,1813
486069.6,2331
126221.2,1544
164176.6,3990
63104.99,980
682317.4,909
123326.6,1138
339590.4,210
109188,853
51285.99,832
133563,528
249660.2,900
82493.3,6228
339063,4373
122911.3,86
130428.9,6228
55886.41,102
174789.5,463
114693.5,216
127118.5,3086
81437.85,1414
196850.6,2609
344889.8,251
122457.9,2324
113034.9,2331
68381.32,5929
166798.3,4373
208554.4,7772
148409,192
886209.1,723
44249.33,241
237808.9,436
106639.8,1454
201472.3,2481
205928.5,3773
146919.8,1919
78356.36,1299
158895,1378
86105.01,542
300641.2,895
423467.6,1031
337925.2,2730
158664.1,124
234548.8,713
189055.7,2607
67328.06,1967
141052.7,2307
25416.55,1754
173780.4,777
863174.2,728
128545.5,880
111823,1802
370956.2,676
33079.33,54
250118.5,154
94400.5,1289
279930.2,1062
79197.63,580
337581.4,2278
150448,336
75201.6,1071
378482.8,2157
77185.11,738
18405.21,1507
65620.83,2605
12329.39,1507
34994.45,785
106845.9,1507
130126.9,1234
223656.8,698
264191.3,2106
250611.1,1998
373992,1490
77395.8,232
122347.2,621
100949.2,629
148301,3086
74741.52,744
124550.5,1125
68381.32,1172
24681.03,2807
35415.32,1386
168907.9,563
19574.94,497
118227.1,699
321141.9,2114
288060.3,1113
47925.17,894
456057.9,3009
71887.75,2810
302329,5064
279008.9,1031
74599.47,232
78056.3,232
66531.26,9794
102959.9,232
449410.7,1375
145226.7,232
177347.6,7062
321516.1,252
91473.73,83
219894.6,6601
358998,897
181441.9,1369
271935.9,7402
71176.93,6599
92708.35,1507
162917,7062
259094.1,298
306347.6,497
116923,505
81500.6,9794
239839,1534
86550.37,2895
240279.4,1532
96975.62,79
110923.6,472
125867.3,1789
369317.8,349
155385.2,433
438330.3,1338
318332.2,783
159267.2,9794
956597.2,2120
48192.9,497
0,33
30410.2,497
260062.6,528
619518.1,104
177018.1,2785
160723.2,1960
57888.83,1384
124943.3,7062
120874.4,79
84917.68,1386
79041.05,2176
239188.3,344
212072.9,1050
452955.3,455
147862.4,948
119025.3,829
138715,131
276705.7,8467
114197.4,497
176934,526
157982.8,1007
149019.4,1165
146441.9,1194
506850.4,981
92201.87,451
358184.5,2114
102430.9,844
72457.7,164
120701.2,914
115636.2,476
398327.4,1986
98102.09,644
232167.2,628
106845.9,886
106799.6,1040
90720.93,123
171160.6,2332
46419.7,779
217101,396
4149.371,36
208795.1,606
138552.5,2176
289416.8,906
4503.318,1802
262202.8,1448
174380.6,1903
817162.7,410
76735.05,528
75626.95,546
287833.1,340
113881.4,2605
97623.07,3049
139402.9,701
404754,2605
83734.96,1161
329977.4,500
109635,439
56941.54,41
121573.5,4632
104165.9,1968
104075.7,13490
70484.05,581
349458.4,7254
149143.5,2753
76525.08,410
223844,61
190581.5,576
137623.1,380
6619.479,33
33148.79,2171
120038.7,5064
257315,588
133941.2,1611
223928.7,1820
36128.49,1885
79511.57,1061
154222.1,954
68.02113,33
27151.56,540
80134.41,3449
57879.18,514
439887,373
259941.7,971
104607.5,433
596465.6,710
139835.6,716
116402.6,277
211546.5,752
220471,752
223253.9,1955
57726.18,237
223695.6,124
188954.8,366
94446.25,1047
81702.68,677
3859.987,22
237488.3,662
154207.3,9488
54584.83,13490
20105.89,179
107765.2,476
118154.3,749
415962.3,800
144682.3,697
54671.07,497
199954.8,906
168780.8,5396
73748.88,2895
169254.6,8344
-1404.23,333
0,334
122970.8,896
493844.6,2020
195647.9,1609
107410.6,773
177967.5,4072
365680.3,2671
172417.4,906
96653.34,919
39327.55,980
78926.34,4072
0,68
88660.23,778
532839.9,698
231916.8,862
149041,4681
25001.44,334
279290.4,2171
142588.8,1221
151522.2,1620
103609.5,54
59492.5,300
96107.34,1216
107645.8,569
165212.3,1031
47764.08,569
94444.78,769
106408.6,569
250132,569
68285.75,12
16813.61,569
100763.5,769
65634.97,516
187951.1,1660
618806.8,1276
443693.5,4046
221246.7,1859
125615.9,425
28023.27,244
147792.3,395
740535.1,1305
172082.7,337
269114.4,4046
64107.53,366
49504.59,800
132198.4,5127
152813.6,722
89211.65,3457
205058.3,875
4523.543,1047
202396.2,960
245372.7,769
169822.3,1183
653930,962
100762.1,534
531574.2,701
3384.078,1802
115048.7,1548
38447.1,57
89064.96,2685
386054.4,2372
113489,312
224308,433
50710.79,555
51402.43,2505
209528.9,3526
209753.5,2372
153652,2372
145941.1,956
73748.88,1303
111825.9,1746
316561,104
877943,2372
77830.79,1474
169857.4,2372
30237.16,320
16511.67,130
67677.77,1033
274640.5,1261
231858.5,1620
103287.4,141
196447.3,220
79332.05,1289
115986.1,1425
46311.07,275
105937.4,1515
147323.7,1820
431662.1,2607
642178.1,413
59975.43,2779
332886.1,57
324768.7,3773
99746.7,1789
118255.1,853
491491.4,1792
67780.39,1071
95799.95,757
203949.8,117
155712.5,2753
98352.12,1061
596627.1,1309
22757.36,296
33138.27,275
34190.66,50791
185986.3,2779
829542.8,1303
178477.3,1813
65802.75,526
165701.1,1981
316932.3,1427
713535.6,2190
101217.9,2439
146687.8,5732
281940.5,1357
869013.3,970
87086.02,3611
96213.11,699
492043.7,783
100148.3,2781
79229.48,6469
116053.4,526
140666.7,1507
54626.71,1050
28126,275
70807.61,320
456220.2,4071
223253.9,1194
230291.1,110
163503.5,3086
368960.3,1334
148240.6,557
107620.1,844
186210,3990
69958.45,1364
77677.02,1919
113438.5,1776
34527.95,1071
138911.3,1364
189387,1364
17915.9,775
94902.57,4370
80911.97,1454
185483.7,1364
375150,5064
8191.594,130
56941.54,1877
89788.23,72
245372.8,164
85439.7,2171
82192.23,6226
123858,686
494112.7,1364
251960,373
43570.19,1047
98010.19,1410
347938,1286
156036.8,1847
62360.96,980
245698.7,2372
172447.9,956
71887.75,8340
237351.5,1351
34622.1,275
585430.2,6173
210813.1,1221
170358.5,944
466725.9,1407
660935.1,1161
183133.8,972
88451.03,4018
57444.89,1149
351134.1,804
68282.18,1918
322330.8,2138
145434.2,655
245025.5,9253
135985.9,900
109356.4,588
178047.5,127
75029.98,698
209053.3,2171
213010.2,207
56543.06,141
176007.4,740
154116.1,366
181452.4,271
102572,707
109124.1,622
128880.8,1401
43173.74,10932
149109.7,1050
51985.73,1876
763162.9,994
112952.1,318
282183.8,1876
143298.1,10932
361131.1,6651
241376.9,871
202882.1,1609
180196.8,9498
138580.5,2171
157982.8,6173
95946.13,1105
92966.14,3457
86300.76,102
93254.63,724
225366.9,2397
120199.5,1069
264318.4,7772
41028.79,5396
247249,17079
402059.5,275
553903.7,1304
399925.6,839
124076.7,4563
37923.82,13490
225742.9,2331
21629.92,83
301753,750
116932.8,1071
95720.1,889
132612.2,2307
59771.88,7149
86117.32,5108
25643,83
140597.9,304
208378.3,244
453442.1,599
89392.95,724
156963.1,339
594105.1,1789
96685.4,54
270870.6,57
112418.3,1544
215236.3,188
66757.76,2181
12407.33,575
101832.9,1779
152698.7,10275
106897.6,657
228269.3,1376
115723.9,896
230360.2,4859
122140.9,707
118693.6,409
144719.1,700
95332.53,1061
154633.9,500
55461.76,1061
86146.02,1061
382453,176
144729.9,2822
87806.43,1384
177544.3,1384
315693.7,980
80296.42,1384
225677.9,570
41664.84,1083
68642.94,1369
171491.7,2138
105005.8,652
283013,208
182919.1,1726
5656.071,33
201390.3,605
109944.5,127
88850.99,2495
194724.2,1162
123990.4,1982
263200.6,54
21651.55,237
40498.27,54
225224.8,728
147363.1,3805
108413.5,1400
253018.3,3526
58529.03,54
515821.1,252
10373.78,54
288203.8,192
113592.9,732
111382.6,244
212668,433
16607.84,343
36123.05,1820
170918.3,3457
137149.8,2345
216090,710
129004.8,1681
20030.49,33
116474.6,455
35305.76,2307
158758.5,5277
454523,633
146309.6,1289
321192.5,688
113649.6,1480
318011.3,2114
247986.5,3471
147862.5,445
180201.5,529
60052.04,1109
143775.5,7254
110040.6,1034
855924.3,479
52718.54,888
163577.5,1806
362682.3,920
127706.5,2837
273813.8,1927
295022.4,554
630049.3,650
213465.5,3884
105271,1539
53208.64,996
204755.3,1333
25157.91,6599
164399.3,526
4523.543,1047
258009.7,366
124021.2,474
153757.9,1062
159325.1,1918
150745.3,462
200608.6,1601
248783.3,143
197541.8,1417
108849.4,5108
245074.4,528
305208,7254
140861.3,436
692145.3,6800
3041.575,22
99093.77,1548
458041,1263
391108.7,348
934721.8,436
228621.4,962
208193.4,348
115205.7,348
51285.99,6228
505953.1,6676
568208,738
97946.53,2307
61684.07,1564
159813.2,143
149345.5,1712
177916.7,188
87666.1,1502
151476,442
187281.4,479
824808.7,1045
183902.8,1491
100555.8,232
317470.7,905
449511.3,973
157472.6,436
87983.99,5108
86041.36,2063
175623.4,6228
66236.65,652
224542.2,436
30304.44,271
232641.9,3526
85019.91,1648
158111.9,1986
122827.8,1157
445872.5,1386
124885.8,5568
80672.14,6599
46626.95,208
205981.1,4018
106417.7,436
26380.69,389
421079.2,1021
555166.1,143
227261,1050
258224.5,608
90525.06,479
79324.7,593
33687.07,775
141667.2,348
72704.96,3611
43990.36,102
309845.7,160
313345.8,436
96283.15,599
165216.5,915
254468.2,1386
184880.7,413
231060,919
144053.1,884
166542.3,3457
161433.1,255
129695.7,4373
41228.03,567
202744.3,1286
466619.4,486
216606.8,1109
191574.5,1338
183653.2,1305
154455.1,339
86220.61,1802
114587.4,737
160127.3,1491
241114,472
23335.24,389
63828.11,2807
4720.986,22
152603.1,737
15542.32,775
128017.4,320
241254.2,1877
35355.72,567
119731.5,947
169181.4,2781
288416.2,1096
243810.2,807
84877.69,1400
425060.9,1003
69048.37,3609
149512.5,1796
20575.48,12
267108.8,1522
251719.7,738
255807.9,474
102482.1,6228
171778.6,655
615027.1,701
18879.95,2801
106101,3049
84537.27,777
315118,523
228469.1,1149
117684.7,1981
183754.5,228
31672.31,6800
70245.14,2871
99611.33,9794
46725.25,621
274183.9,349
51285.99,1436
112235.3,7149
189689.6,2217
385889.5,2272
122948.6,959
126328.8,2224
278295.7,533
67086.77,323
172697,7254
6910.68,334
151549.8,1003
108.8338,33
552297.3,4071
103667.7,2607
67964.11,759
37834.59,285
106845.9,165
122739.9,1765
34864.65,389
81686.16,12
73465.67,2785
245255.2,179
78705.88,354
103855.1,716
148996.3,148
69501.63,1096
312742.3,801
120474.2,1620
183775.8,1061
881984.2,1851
81734.98,498
154621.3,773
187254.9,1467
47538.65,528
301524.4,1620
308198,404
294693.9,110
13616.85,2728
175917.5,820
329930.2,1314
127488.4,3086
178528.1,1663
137930.5,6228
113426.4,166
179230.5,392
132893.5,955
104961.8,1680
230611.9,761
172351.3,677
106345.5,5929
73597.31,731
149384,546
123745,143
119738.2,3009
689365.3,4071
58046.55,1802
15006,1061
100179.6,1314
118487.1,769
24113.52,333
145503.3,651
52966.59,631
180248.9,682
112912.2,455
171839.8,1078
134520,1355
60480.62,1279
67756.75,2176
116952.2,1289
171280.2,2367
151372.9,1620
45382.23,1260
140734,1356
142982.7,1417
276699.6,141
115235.2,83
101614.9,366
432647.5,593
183428.8,5396
10329.21,237
249676.8,3940
198798.7,1096
86151.87,1789
173550.1,4037
469848.8,655
124851.5,1350
123938,1545
343880.6,576
210594.9,385
354647,1004
90720.93,696
134809.8,516
212277.9,733
168698.2,897
253796.1,583
231629.5,738
268383.9,348
460549.6,1243
124920.9,4064
65013.51,560
309942.2,798
72576.74,3086
32935.73,275
181441.9,1417
78450.17,1253
108427.5,674
127532,603
316208.5,766
86003.23,366
127685.8,455
87856.88,3086
398200.1,9950
610416,521
77067.04,1491
42328.51,1780
103920.3,528
174289,528
125854.1,2171
208710,2785
168711.7,7772
100736.2,1929
136863.1,3471
47977.6,1776
114225.8,940
98010.19,1609
149124.8,9717
417108.8,577
606199.4,962
159592.5,1313
210185.9,1454
165007.5,3940
74114.89,2829
59299.54,694
122589.4,897
255562.5,1789
669942.6,634
250340,1789
77640.35,462
125585.7,859
10373.54,445
86784.88,1522
245206.2,1967
196429,3077
158586.9,1063
118487.1,973
216363.1,5063
312348.1,188
234948.7,1357
456956.1,1301
106701.7,1384
290398.1,1157
70037.37,1065
221839.3,1802
125864.1,1206
775437.1,2535
56941.54,275
726639.4,1209
81060.17,366
157982.8,172
325456.2,7969
145376.9,962
120893.4,907
447561.4,1161
175807.8,1859
5804.324,13490
63075.71,275
214230.6,934
69220.44,2171
119037.5,977
207386.4,754
110623.3,1789
306064.1,948
377410,1266
496734.5,3049
165147.9,1820
72800.36,2846
66752.62,497
211977.4,2324
194663.6,635
209255.3,2135
177368.2,354
41621.91,296
159611.5,2495
139499.3,410
245011.9,1045
104761.8,5929
45662.92,1384
61033.66,2395
94902.57,271
169115.8,110
7916.201,154
306964.7,181
60789.74,275
432307.9,6173
90720.93,1143
305506,410
72682.84,1125
58353.32,13490
109032.9,1662
308303.1,252
153707.7,343
184232.3,1789
211196.7,1221
83519.48,381
154794.6,1453
90410.09,2192
151215.3,2400
134314.9,1304
97965.23,682
85169.4,1786
256800.9,451
48098.12,3409
65166.79,241
78277.68,263
142587.9,56
67535.3,575
134206.4,1429
36185.57,3187
57944.38,2307
123422.5,652
369635.8,2272
72322.77,571
166094,712
156123.6,3152
87213.94,515
67392.86,3449
64032.33,1061
72800.36,1452
136322,1314
513878.3,2397
89783.93,4037
66745.04,13490
274859.7,1539
361469.2,1101
47898.71,1348
135321.7,998
58979.18,6058
316866.1,7402
335355.6,1378
157715.5,244
78562.27,5568
158104.3,366
299927.9,1125
184755.5,1662
340870,2192
105922.9,1452
85289.12,395
184163.3,2274
86389.73,4370
210851.3,1068
44341.24,884
130513.8,332
36588.03,2181
83077.8,962
172189,2822
92708.35,2464
286830.7,1378
46240.5,1253
125269.1,925
125630.9,635
154439.8,886
103018.1,723
65896.45,1296
136863.1,271
106188.1,1071
325046.9,500
40415.66,318
98444.42,514
15832.4,323
658645.2,5108
60201.24,575
214779.1,1730
81838.05,2481
134565.8,2176
108982.8,1620
30764.82,164
678273.1,486
92137.05,253
189912,486
206476.9,348
323816.5,54
270541.6,1918
270541.6,232
528102.2,142
26902.68,296
143366.8,2781
50608.94,630
9006.637,33
364565.3,554
66919.27,1967
115580,6226
183690.3,1522
61515.36,1103
72239.3,462
164820,871
220113.3,497
82687.7,571
304454.4,1221
100529.4,397
60338.68,3449
36452.18,1580
293544.1,1186
132512.5,730
186622.3,3449
27792.65,3449
235037.5,1580
291152,2781
18456.22,2192
203143.8,3449
193731.8,368
8610.05,334
254546,2372
58892.07,247
108471.8,888
217893.8,1776
185876.3,1084
173757,1334
244238.2,3471
352446.5,1050
100780.4,593
311415.9,7254
227327.8,1309
253316.4,2785
21438.26,591
601071.9,2320
11686.53,154
204902.3,1113
84657.02,6579
441908.3,1981
32672.57,1149
134471.1,6753
183093.7,1309
682141.1,1191
53838.23,871
160250.2,1149
664238.9,1744
255136.7,2867
266201.7,110
48050.88,1149
217892.3,58
72660.34,497
228673.4,445
42928.89,622
141068.7,738
386571.6,154
111216.7,275
152543.5,1355
397992.3,1876
100295.4,1125
199899.6,4373
65166.79,567
321777.7,75
63584.1,12
102795.5,339
149394.8,1240
230650.3,148
279763.4,773
106712.5,1491
373449.8,526
91851.43,232
154030.8,1080
104199.6,605
102482.1,686
93581.22,526
108331.2,2955
85177.46,2155
66846.31,1853
79742.22,275
137889.5,1330
270330.2,1853
271918.2,2837
42328.51,154
60135.34,591
151069.5,733
156689.5,241
242826.8,2274
473447.5,1306
230561.6,2307
123745,956
75312.41,2837
150678,865
84054.64,1514
93253.9,1660
179268.1,205
571487.8,931
143670.8,4490
113364.1,1544
377160.8,166
365304.8,1276
185416.7,3773
195857.1,1405
65410.76,340
65453.36,3773
103388,1263
95184.81,3773
180038.8,3773
39655.35,3840
191957,462
61872.51,3773
261336,3471
293839.6,1125
11911.73,275
341645.8,271
122382.3,1161
120265.5,1986
119660.4,4064
80846.86,1322
10941.51,343
90720.93,1322
96859.53,800
86528.26,2740
84160.08,208
138077.8,3611
106845.9,1544
225678.4,800
210711.5,673
360036.3,285
108740.7,12007
162730.9,486
109856.2,896
240984.9,154
30746.19,83
180397.9,1960
144680.7,445
94588.18,1333
142523.8,333
150761.6,528
175146.3,1680
79349.67,134
82117.22,451
252273.8,2210
210255.9,414
104687.5,2753
90720.93,366
429910.8,1539
394885.3,1003
234126,800
119569.4,897
43900.48,731
31862.2,726
92780.23,331
231911.1,234
54798.61,800
219269.2,1986
180654.8,769
110218.9,1031
63698.73,352
491437.5,1208
97784.27,1384
497511.1,800
65326.91,348
819984.6,682
373924.6,800
317472.3,1096
56438.02,1929
330875.6,800
47378.92,2785
54169.21,2753
105605.5,1172
146948.7,526
352183.5,873
252435.8,382
84046.41,759
52707.93,3049
12175.73,1507
131856.8,1363
29692.41,569
81662.81,866
141880.5,1813
184481.2,380
6399.675,36
159568.8,1507
291909.6,1789
0,2955
63391.77,3773
551071.4,127
186017.3,2955
201318.2,4711
310026.6,884
177082.2,1551
38988.15,1573
110615.8,1780
176516.4,232
109356.6,312
236580.1,677
125117.3,1103
243776.7,750
538081,800
60589.14,2730
43736.85,296
67315.12,462
167531.2,2955
62590.48,323
149607.7,1509
193062.5,2955
193611.8,1480
41028.79,5396
139379.5,414
92168.44,79
241994.6,540
119569.4,973
124422.9,697
136524.9,1296
462557.2,1821
80134.41,314
16812.74,3049
117110.9,554
80134.41,2685
453048.9,1222
201814.9,435
79052.13,352
251199.8,1564
615666.1,1328
174507.2,2332
37422.7,859
103257.2,1769
164946.5,1539
726255.5,1429
96369.7,1136
168681.8,5515
196869.9,352
35957.43,569
156794.6,476
127541.8,463
152034.5,261
319149.3,1262
253340.2,1973
144583.8,1114
133804.9,528
484034.9,1162
217723.8,782
128846.5,354
90720.93,1113
425785.8,1031
152739.2,2307
543328.6,876
52718.54,2332
180299.3,385
204641.2,605
254896.3,1918
210845.6,58
8298.883,1802
177568,719
206326.4,1024
238968.7,1254
157982.8,368
137186.5,731
40750.03,1062
90149.66,1973
237857,1254
59856.59,263
356401.9,1286
72109.63,3840
90720.93,124
135903.7,1050
171444,1522
170159.6,1162
132819.8,2332
331546.4,5108
123965.9,404
127816.4,622
346238.4,385
449952.3,1575
76684.37,1109
144066.2,677
122058.3,1166
362839.7,559
90037.73,1136
74855.58,777
81192.17,1149
191790.5,759
201986.9,368
299165.7,1048
46659.27,528
42022.21,3049
7916.201,237
106570.7,108
458493,529
85850.16,1303
56941.54,1186
68493.52,577
316715,2535
237996.2,1289
113426.4,42
93837.99,275
140160.9,445
28636.23,1047
100565,731
390307.1,1375
290109.9,859
164954.2,1885
223877.4,320
238926.2,344
82758.32,380
130703,1299
137666.2,1114
111859.2,4370
83763.95,567
100291.7,2147
90928.26,644
128394.2,455
62005.12,2505
109795.8,3086
440706.8,1973
155902.4,3086
60887.46,3086
256921.4,3086
139323.8,3086
59440.13,3086
135925.9,3086
232055.2,2181
66013.06,1234
392187,485
114869.9,1660
262795.2,1940
130176.4,959
69949.37,2122
234388.8,10715
939778,143
136142.3,479
259719.7,749
137803.3,897
258009.7,2176
280427.8,216
216422.4,1014
85998.26,616
240486.2,980
202389.8,2302
194489.1,86
68627.48,2781
117522.5,2400
165902.2,726
74565.63,1792
146256.1,3049
181442.9,4757
108471.8,485
56310.33,1071
133742.9,207
67904.16,1454
120961.2,1468
123745,652
173070.5,1262
52619.3,1031
255248.3,873
222433.3,1357
167201.3,8467
128775.3,12223
44079.05,1149
225519.6,466
337711.1,1680
216877.6,1414
137320.3,1880
110825.1,247
218921.9,205
70620.68,1514
136724.7,2810
67631.53,1802
188829.7,730
149215.3,1564
83003.18,724
106281.3,1502
177368.2,396
77624.32,1929
39870.82,79
172285.7,1480
75913.41,51
243112.5,1443
123757.2,1392
130399.5,1352
277214.1,228
90149.66,1853
57592.8,1071
230787,2955
59917.91,1309
505542.4,1206
443246.4,387
102749.4,1265
179334.1,3009
2321.729,130
67052.14,13490
102904.5,2192
80200.02,818
34319.96,1096
174843.9,652
307496.7,4587
113525.5,1890
117407.6,696
39679.66,1040
652890.8,1608
179213.3,1004
116895.7,4711
92448.34,697
305762.2,1697
132547.8,462
27403.98,343
96786.72,528
352407.5,271
365363.1,1164
301257.3,110
114773,443
84350.39,1355
222080.3,981
501859,559
112291.8,884
87522.65,605
118487.1,1514
99341.78,17079
132346.7,1149
80105.88,3664
79349,1514
352082.6,915
157860.4,380
235532,339
132029.8,557
197376.4,2210
137930.5,846
180299.3,776
576910.9,279
202981.2,897
40319.03,296
166785,8467
208297.4,846
68526.91,737
62285.62,1007
104808.8,148
979281.9,479
447704.9,1039
273870.9,1390
55348.32,1114
13080.97,389
51285.99,2807
210859,713
268430.3,110
140754.4,3449
13831.47,296
106845.9,621
193302.1,783
486739.6,846
153957.5,1031
204509.4,474
177842.9,344
149504.5,1031
64392.5,85
226338.2,1502
163442.9,601
384981.8,4504
165435.5,526
273021.2,2867
314265.2,392
205519.9,3218
206493.7,1337
57000.38,694
33776.88,479
498457.6,699
52343.75,1050
137053.8,3094
169228.5,1022
188402.8,2372
94834.75,1940
239138.7,1919
209721.4,832
84160.08,1096
187270.6,877
98785.98,3094
77962.24,1853
36128.49,5108
51285.99,737
103323.5,1062
142712.1,2246
76784.68,1400
202806.4,1986
162914.9,4504
106845.9,2007
93375.33,957
138942.4,1660
57346.07,12
278694.8,6318
100881.6,247
253071.2,1365
209523.7,1805
125395.7,592
325348.4,1683
541772.9,6753
42328.51,208
69924.57,631
455673,1089
128923,6228
47304.6,543
501229.5,1118
45102.21,12
260207.8,3077
65898.17,1890
218784.5,382
140863.4,445
100736.2,1940
61297.98,726
71176.93,366
290458.8,1301
210359,619
153193,914
30951.12,1522
100136.7,333
149595.1,1022
191884.2,1425
134332.8,11093
135168.4,3990
578438.8,934
71887.75,1423
142230.4,1103
46861.68,301
138356.9,333
18163.05,1507
228602.4,593
110306.9,710
217890.5,2326
7780.159,296
420601.7,176
135381.6,2730
44851.76,1405
36467.02,1802
2729.312,154
510136,340
126714.6,340
261914.9,417
49803.65,778
485832.4,497
212668,4504
122594.5,5581
190087.8,56
344926.6,726
49327.68,79
111532.1,880
55463.2,164
61947.69,4072
202073,1940
87461.59,1061
120961.2,738
130780.4,1584
180299.3,7254
705605.9,1960
303002.8,1746
93400.85,2955
183294.8,2147
75566.37,461
81971.7,1039
161583.2,2181
954990.6,1039
91029.42,707
464192.3,1683
135200,599
30296.24,179
59617.23,1835
223611.2,5581
44195.18,1022
37083.34,2535
191084.2,994
154587.5,3421
51214.31,275
17497.22,1149
136319.7,896
346968.2,800
245114.1,796
364087.5,2331
634888.6,123
314391.1,723
378720.8,205
290561.7,2114
128237.9,2505
670125.2,1820
111468.1,948
174495.5,884
275636.9,1730
102308.3,392
108612.7,2171
67715.12,775
305761.2,4490
131492.3,1859
319962.6,716
365340.6,6318
249982,1149
2860.832,301
379324.8,947
129584.6,754
49498.01,1040
419379.5,251
149804.9,948
108103.7,1206
325004.9,1813
227935.8,929
292450.5,738
329041.9,1468
156521.7,339
123513.3,1808
72576.74,601
220919.1,773
155725.9,644
733893.4,124
65623.29,2776
247594.8,676
41522.76,389
178461.4,2605
325993.2,479
236974.2,141
178168.6,1802
106173.3,3152
207012.9,1907
271600.2,726
56030.98,7772
278044.8,1859
125509,3381
201472.3,291
102242.4,4504
475158.9,11127
454904.4,1024
66955.94,1751
132721.8,934
84657.02,655
64410.1,571
124076.7,689
563182.8,818
288045.8,44
370029,1796
62442.88,699
106742.5,1769
84181.7,1069
81536.88,79
157709.1,853
51113.56,3009
49703.22,719
504667.9,6599
87583.52,102
243713.5,567
182324.7,421
341800.9,1778
140541,3840
87480.73,148
79845.46,410
197957.8,148
161671,366
330834.5,783
121638.4,392
212735.3,1700
103204.8,2176
189493.2,1973
309857.7,2596
221191.6,1700
227252.4,2606
24623.17,2307
293689.5,1197
128213.9,907
78083.19,168
62067.59,775
583613.3,1968
108600.3,2666
235185.3,526
211244,1620
134520,2822
430178.9,1907
177966.6,466
65898.17,4587
112497.5,366
128394.9,79
287192.2,784
294147.4,2481
121928.6,1680
124032.1,1813
263394.8,289
112213.4,2727
160268.8,1069
135766.5,980
92853.42,1138
299278.5,2372
49704.5,1491
202880.9,769
140947.1,1355
224994.8,872
222433.3,343
181119.3,1309
44197.01,296
131699.5,801
261277,304
451808.5,387
172864.8,1744
3215.808,33
353478.8,90
379943.4,1334
105570.6,879
10544.82,334
46240.5,3609
398963.1,5127
106164.5,580
116661,1861
123684.1,410
127563,1157
279970.7,324
432141.7,291
333649.7,980
260496.8,1967
135826.9,5108
130867.6,3457
307660.1,981
240991.6,10275
65112.65,311
236024.2,323
32090.63,1660
627477.9,846
39298.82,5108
227532,341
233309.7,769
307586.6,166
61853.96,1244
101130.1,494
93352.2,925
0,1039
219196.3,2871
302961.9,676
54127.85,497
78158.45,2753
124145.6,4504
208072.7,1564
279912.3,674
152281.2,393
66129.66,775
294820,373
189170.6,1700
148867,436
0,102
125405.8,757
75920.92,1000
119579.7,1378
333199.3,1744
75446.05,1348
211143.3,155
432011,1279
28437.67,164
339957.5,1279
126288.4,6407
118371.7,526
65669.07,1548
80588.93,737
276406.1,730
564693.6,1410
286259.1,148
153630.4,102
134666.2,722
14187.59,591
121190.5,528
30647.53,12
18638.71,533
94861.48,3449
160268.8,68
191451.5,615
66333.48,1620
277321.1,980
26574.11,779
269629.8,1309
108.8338,22
150411.8,6527
320880.6,1417
407397.4,994
196872.2,470
153900.8,2895
433412.1,509
110534.6,796
302061.3,804
129098.9,631
92049.2,862
81205.06,644
423416.2,143
89638.66,605
80334.2,232
316164.8,373
353620.8,1384
77008.63,1243
72033.2,9498
35264.55,1859
102883,2007
123422.5,1548
77219.91,775
300877.3,275
498765.5,271
261325.5,775
530496.3,433
911393.2,1306
143188.5,1143
305714.6,2837
719757.3,143
125399.3,1660
227664.6,773
283331.7,474
104876.7,2367
124181.9,57
575932.2,2032
131511.2,301
191389.6,1289
223506.7,1776
48548.68,4064
154971.1,776
51677.92,154
89632.89,521
91778.7,654
54339.96,390
209384.8,486
11163.89,130
504489.5,1339
246608.3,462
230335.4,1096
380198.8,915
614934.1,488
106845.9,546
587483.9,399
179277.3,1776
115343.7,934
162006,139
87186.27,1004
82782.86,445
106281.3,567
114610.7,1364
64709.77,1384
283563.1,2846
256520.7,593
328797.2,1355
105968.4,800
65285.7,737
11515.21,1789
301126.1,952
154558.3,665
290327.2,599
212806.6,551
122499.9,2596
48688.59,591
126218.1,929
25253.7,2171
159059.5,3449
211499.8,688
56075.73,1118
152673.8,1130
95369.27,399
113279.7,654
9444.659,275
70962.74,863
252445.5,1180
85280.93,479
231767.2,1851
76034.3,433
299135.8,2867
69126.33,390
38217.88,2781
391821.5,6753
137338,2307
94032.91,1808
144629.1,124
109331.6,85
299976.3,1268
276147.6,700
76028.3,1063
225028.9,131
105306.6,889
111674,701
449075.4,1778
256501.8,497
101920.4,366
37827.57,214
105146.1,244
139951.5,496
479840.7,873
347894,1986
35653.99,763
87099.75,1994
252107.5,1683
6481.663,164
124049.6,72
177778.2,723
90835.15,1149
254254.4,560
528009,438
0,141
24045.66,50791
256444.8,244
25968.39,1806
33741.38,1047
3377.717,1047
343990.6,220
85883.78,3049
218439.6,2192
153337.9,516
161846.3,1380
128629.5,340
98892.89,459
433075.5,571
265843.9,1704
67848.73,2955
221107.7,1031
197808.9,54
229426.1,1221
183237.5,1206
206392.8,1986
35790.52,1982
171615.8,4504
49568.86,497
186664.5,652
148417.8,1981
145826.2,567
55319.73,334
86851.37,188
994996.8,486
89664.97,164
106845.9,1417
192538.9,1859
109399.2,463
713648.1,5064
116038.5,414
352380.1,1662
217389.3,1266
232151.3,512
297654.3,576
56262.06,455
157774.7,7149
22908.99,179
134012.4,628
661271.4,474
69988.9,546
225635.9,4504
305195.3,619
266397.5,931
109017.9,179
65441.79,1303
195549.4,673
832753.8,397
73597.31,752
216594.5,342
168942.4,4563
24901.37,884
382393.2,1279
121377.4,897
102251,337
61756.64,1648
0,575
99603.81,479
75023.36,1919
142681.9,895
123356,1143
44564.21,2781
269499,1383
400383.3,10932
219808,1083
144629.1,761
155892.3,410
402052.5,271
105768.2,436
48101.67,546
129809,1875
213762.6,1369
131099.4,509
117582.6,754
169323.8,2372
457371.9,783
25774.6,1885
623507.5,1206
178248.7,1149
95085.07,934
231076.9,601
122083.2,820
60830.42,455
318421.6,433
66992.95,389
181282.6,5108
188099.4,366
4190.891,1061
67414.89,3409
136283.9,521
51285.99,4587
528381.1,441
63837.23,724
114294.9,1683
529577,181
87773.16,1365
87820.37,655
286826.4,1078
108982.8,433
64107.53,1392
42531.8,546
56398.14,1480
827450.1,349
73459.9,1789
352531.3,1154
139039.9,380
569731.2,1183
348827,759
76821.79,216
378986.4,877
56438.02,2505
239439.6,9498
171871.3,1065
185772.2,104
256551.9,143
200695.4,368
313631,674
529468.2,104
334596.3,3421
339794.2,110
227935.8,83
212509,312
85383.55,581
49732.98,601
590970.8,1820
20025.83,2495
106845.9,1620
93149.18,497
163368.4,655
284757.1,1412
154331.8,498
425574.2,1427
495133.1,2114
358074.2,540
142230.4,341
76267.08,1806
119950.9,12
407064.2,1395
202744.3,1847
302384.1,433
100685.3,1789
223628,1143
83424.13,9498
174414.2,1343
46240.5,1111
107792.4,946
320537.7,164
238149,275
116918.4,441
199300.7,10275
232108.6,528
172075.1,336
159362.7,795
121422.5,925
843249.9,1960
11861.63,1507
149621,665
292250.2,1136
72940.16,1802
107583,1821
649299.1,537
175166,1022
52810.45,4064
71145.58,275
188924.3,567
147943.9,1369
350434.9,1125
67157.45,540
160939.4,395
80260.45,343
118019.1,1734
365200.9,783
42170.39,1929
109086.6,897
83988.84,4504
41028.79,2728
109985.9,832
114574.3,275
74961.88,619
173007.9,505
104906.3,1443
141863.8,51
107949.1,1659
100338.5,1835
86319.05,1859
211205.6,973
98188.17,2596
272476.3,3676
172308.9,1611
243180.5,1355
87130.5,761
185486.2,1355
159730,608
164394.4,1551
188340.3,2776
103052.2,2781
224601.7,909
142865.3,1170
117149.1,1034
245203.1,1443
50396.42,9498
136176.5,9498
83310.77,497
201472.3,425
140895.5,2871
488397.1,4504
335690.8,1014
267572.9,6651
89452.95,296
210063.8,1986
226026.1,9498
33320.38,1507
301896.2,955
329966,593
91227.52,1355
107253,488
155988.9,2032
82699.77,1343
114034.4,332
125143.3,1143
165399.5,11762
130159.9,2106
111468.1,540
146311.5,124
14021.47,1660
262339.3,1031
223661.1,1125
309656.9,2867
95480.8,1071
110259.5,1309
106570.7,108
69988.9,546
23423.16,3449
80046.15,1069
120515.6,2829
136749,514
219809.3,1816
130656.9,165
282060.3,583
57510.2,1480
189067.4,387
447640.6,973
145155,253
85187.51,399
187053.3,476
63770.89,1502
192390.7,767
150314.3,994
151361.2,526
217837.5,980
129734.7,275
222489.9,676
149655.1,101
87589.15,1343
133031.6,778
162059.2,451
106624.2,1522
128466.8,1080
131284,769
354305.3,148
414294.5,872
75296.95,497
762069.7,1101
93904.24,1660
65719.02,560
158091.7,846
123829,2395
31196.04,4632
188350.6,1357
52915.02,2955
55446,280
56921.29,2457
117514.6,462
166768.8,340
38909.26,389
59495.96,433
218102.8,1003
157833.5,1014
180872.7,4490
168320.2,2171
592688.2,1564
65059.09,1258
312309.1,581
258416,4757
108542.1,977
560768.9,271
77876.27,79
134558.4,1034
144072.8,778
57502.94,1789
196447.3,2867
128170.6,1005
96686.44,1253
714647.7,7149
88622.88,79
84705.48,404
640290.3,593
140750.2,2114
355565.7,599
23966.11,2192
151798.3,630
150690,433
126309.6,141
61295.07,271
41875,1436
16523.45,130
99239.72,1125
66902.44,2728
85463.41,1301
156987.7,644
248047.9,1805
40320.41,275
139831.6,1203
67489.94,1216
461059.5,1885
119428.1,1425
3368.859,36
914037.2,1973
568921.6,2871
147983.4,1063
75826.9,1339
65339.7,275
91776.29,13490
266201.7,1789
47360.42,348
44341.24,1808
72246.11,1806
129393.6,340
143859.3,698
175350.9,387
101932,2871
114673.3,2728
38662.18,546
73748.88,1534
181525.8,271
277659.3,1967
134520,749
436063.7,8340
84160.08,1379
182226.3,998
35930.33,591
87075.38,978
68381.32,154
52312.15,1103
109704.8,728
173158.6,1813
79563.64,1515
120961.2,1453
65214.45,1405
67853.55,1083
234189.2,214
207111.8,528
11519.71,154
129709.8,2367
88500.66,2785
41303.08,1467
66160.35,112
103051.8,6228
100145.8,956
75790.32,334
120095,635
2729.312,154
150288.9,1209
87069.83,1491
274448.3,261
444.7596,22
78819.56,436
0,601
71176.93,1105
128160.1,2955
95924.15,339
104078.6,134
130743.3,5108
214570.8,723
68004.7,1071
32937.53,622
302258.6,1164
247113.6,7149
14881.59,455
82182.67,944
197435,2505
153571.6,594
105982.8,497
297286.5,2181
274189.2,698
725703.5,382
198737.8,464
83178.09,12
194210,496
83005.16,2728
48688.19,4165
143775.5,187
88245.52,6527
49362.06,2120
422535.9,5568
154044.6,977
6332.961,33
80588.93,72
185376,977
142830.3,956
545054.9,1546
75415.59,61
175713.8,977
230982,3152
179590.9,526
134314.9,900
87864.23,567
513003.7,2727
151852.4,232
41865.05,591
68227.23,962
68983.85,1221
204094,651
20746.86,301
113682.7,1199
169032.3,497
87740.24,807
70974.45,2367
120961.2,496
86320.45,2157
156123.6,488
145849.8,583
63458.76,496
83392.89,1683
38701.57,275
625560.8,1968
152270.9,255
8798.091,33
70454.48,567
163994,216
103667.7,1261
127686.3,1875
100978.4,4504
102460.3,1003
41028.79,9021
147476,674
527427.3,956
103688,722
218157,110
119365.9,331
161816.5,888
146905.6,789
345393.9,599
6705.447,141
100270.1,339
137708.7,1907
558851.1,279
659678.4,1386
144254.6,6058
92714.94,947
18650.78,775
112952.1,674
55538.34,1551
328589.7,3095
37600.74,3773
249255.3,1183
159585.1,1821
43127.46,884
175185,723
154699.5,877
166810,271
145058.2,381
142616,526
146736,2147
112366.6,657
168978.8,403
174830.4,1357
53941.67,1660
153895.5,237
202744.3,652
134044.5,2505
191203.7,1620
111940.3,722
144010.2,1859
118881.1,1157
99319.59,442
462096.2,1255
120199.5,438
35632.11,1355
163577.7,3884
236689.5,2607
116814.9,1024
191343.8,605
365657.6,1785
191389.5,1386
235591.9,519
256805.5,1386
324354.7,6676
447704.9,1309
547835.6,1178
91590.12,490
37848.7,1386
339283.3,1653
123329,2324
39990.94,1216
257970.1,1350
110745.1,1386
63026.89,920
416365.1,920
105100.1,1386
82693.39,3884
98300.5,1386
879357.1,889
284702.3,397
61872.51,650
15097.09,3609
74737.98,1206
384841.7,466
702923.1,971
96351.97,1480
117092.7,1138
193345.6,436
55229.52,5108
88343.44,668
89020.21,2171
213600.2,896
72789.59,980
427728.9,1221
159054.8,567
53422.94,877
126904,497
117543.7,3664
198451.3,1681
126328.8,1050
126328.8,1356
200715.6,973
449167.2,539
358972.9,789
5186.889,22
141667.2,1442
102422.3,1919
193811.2,1033
96145.48,591
35415.32,141
94872.56,461
195396.2,1337
340343.9,1183
356145.4,581
278289.3,776
61872.51,1125
95655.48,220
398516.2,352
320846,393
154439.8,275
318851.4,5108
168014.1,2181
203652.9,413
17700.08,79
245000.8,639
150777.1,1199
97682.83,2176
67157.45,471
28783.37,296
149234.4,716
220519,490
466115.3,445
167747,4757
182923.1,344
85137.02,85
131297.5,925
210497.5,630
77727.34,1378
333128.5,1792
206645.9,331
85136.98,497
119191,2171
141194.5,500
182294.3,2155
82919.73,789
130513.8,2728
80865.45,960
372130.1,537
96602.49,1401
222194,676
38030.07,1820
45959.48,79
26835.58,1538
126091.2,124
81857.95,373
123422.5,433
184492,1286
44564.21,3449
608985.2,1412
61914.5,1648
121160.2,1981
231221.4,451
140721.1,5732
288284,493
91776.67,2727
206956.5,872
73748.88,7969
92938.13,275
227863.2,1443
77105.05,5515
904993.7,1442
769560.4,110
840766.3,1968
5804.324,102
116403.5,445
983883.3,9950
262697.2,733
142353.9,2135
207638.6,1286
357664,526
40067.21,244
469899.4,1207
201769.6,4490
211768.1,244
177778.2,211
55295.47,244
94533.68,395
58564.11,800
247991.5,1221
163350.3,1903
227729,1034
189301.7,2105
103569.4,323
120967.7,486
55766.05,567
96105.43,395
161047.6,1776
97739.54,1161
209384.8,3285
286876.9,1981
136853.4,563
198353.7,239
2599.49,22
111454.2,669
163548.3,1806
21438.26,622
45713.04,2192
243558.1,3897
281070.5,331
140982.5,1806
34713.21,296
102250.8,1453
565303.5,1084
141291.1,716
90720.93,559
248660.1,662
133043.6,214
60366.59,1384
53785.66,2505
182867.4,188
182857.7,677
53422.94,4370
425385,1162
33862.81,1502
116523.3,112
64107.53,1206
113141,1551
67164.2,1538
68683.46,244
89261.16,318
310663.2,1973
160421.4,1663
399607.2,2114
15372.48,334
108375.1,2753
154439.8,1096
64107.53,1261
169930.9,1490
111525.4,546
335770.7,1084
52486.37,51
68838.63,962
261039.9,577
180128.3,716
339587.7,1429
188563.3,1186
34312.68,2367
560828.9,433
16465.96,141
75891.87,1149
213786.2,500
85987.57,1096
156226.8,877
977395.8,676
0,296
176650.2,36
294671,688
86108.57,433
167655.7,1291
463793.4,1453
310625.5,2171
99113.31,337
126733.7,897
210661,1442
186659.6,366
41028.79,1279
136720.7,3773
479438.5,436
124571.7,1907
105404.2,85
508526.6,7149
76712.35,1802
76460.7,85
172932,2481
226128.9,1263
531681.4,9717
49672.34,85
42074,1372
241112.5,271
446559.3,9253
13831.47,301
466447.4,825
245255.2,583
150963.1,580
110575.3,275
72119.73,1130
194890.2,439
118032.2,1474
640249.8,271
172779.5,694
102572,2535
153558.2,7149
672657.3,1198
141315.4,505
375567,2730
37663.45,36
87889.49,2583
423053.8,754
155985.4,526
72319.83,635
111981.1,592
658345.9,1355
9778.745,1061
75570.6,1313
46659.27,1372
264022.6,2846
260147.1,247
337633.5,1601
159730,696
103188,826
120961.2,1019
52585.91,155
37083.34,312
144260.4,605
155518.5,1161
37780.25,13490
147165.8,1031
221203,2345
291468.6,681
212844.3,1143
163490.1,285
20819.78,154
437171.2,2135
207551.8,1292
284879.2,436
31759.05,1491
47273.47,127
207632.3,1024
83093.3,973
121558.6,569
121514.5,954
164531.9,515
488189.5,2171
196015.9,1143
105671.6,1031
369012,593
516669,826
93689.13,2505
112497.5,1364
227617.7,315
220697.9,143
858030.1,143
124932.5,2307
68.02113,333
158104.3,143
870753.9,2114
103999.6,722
44008.71,179
102417.8,77
180542.4,737
9006.637,237
16717.8,575
446381.7,479
353620.8,3449
264165.2,2175
106498.7,897
222394.6,876
285680.8,1083
160850.7,207
174423.4,497
64264.17,769
120437,3049
88128.09,581
305910.3,526
405679.6,397
211713.3,634
117789.8,366
88755.26,1209
209753.5,1084
63164.39,579
112674.6,701
119539,1031
258777,1003
205221.4,1314
163463.9,603
354858.8,1003
127638.8,750
140454.3,1384
108185.7,534
191006.8,1334
215087.7,336
56639.86,54
169181.8,1584
272853.3,2345
110618.8,2278
145728.6,700
164508.2,11762
155539.8,722
17221.34,12
89326.53,110
217069.7,579
641887.3,255
55431.43,956
257295.3,466
139724.7,192
130724.2,934
143234.3,1031
77951.2,323
186163,1378
232826.5,1209
16597.77,575
123745,2175
375116.8,1021
82420.97,616
189625.9,54
156207,2685
141431.6,1301
131035.4,7254
134217.1,2397
107526.2,1885
152320.4,1816
79328.79,269
144325.9,8340
68198.23,907
280514.4,2282
71369.32,3095
165123.6,1730
137600.9,1789
134416.9,1080
492326.4,653
277607.7,557
75159.23,1808
210444.6,445
630883.5,1861
203131.8,591
184219.8,2397
220141.4,500
181441.9,1735
153365.2,462
57406.76,1265
160911,401
172779.5,239
268262.8,366
92708.35,1514
96985.52,1364
121156.9,1968
151176,2807
68148.79,2238
219088.1,783
202746.8,192
266170.8,140
79023.67,172
114179.7,1611
404437.4,1802
222861,946
272196.2,873
60889.88,1322
75023.36,946
113581.3,509
91016.57,232
108974.5,775
181865.9,515
76127.95,1083
416212.8,1659
67041.71,1885
187104,724
167592.9,1789
109899.9,1929
156080.5,962
29740.98,2728
142747.3,731
120961.2,1105
117734.2,1045
200273.3,2439
85771.81,1821
70728.45,399
92669.44,232
137900.7,769
33761.96,358
108507.7,3449
112325,1172
152218.6,7254
278771.3,696
220854.2,86
142615,519
187852.7,1313
96053.05,1929
99423.45,773
105402.8,1876
799810,710
435145.7,1443
633070.8,1216
66017.22,445
21164.26,884
106068.3,1105
126328.8,897
506723.7,1062
114336.7,754
93954.3,537
64950.05,1454
10012.91,3049
100736.2,1919
46511.7,763
53203.14,701
149966.8,9021
232265.8,1468
366801.2,593
250170.8,1103
97431.09,2171
271502.1,915
217375,380
149996.7,1309
225158.6,603
99834.69,301
238579.3,1539
125038.9,1611
72576.74,3609
204290.7,1919
141800.5,681
148702,143
293816.4,931
673467.4,1303
40938.43,296
142197.5,576
114094.3,1003
51285.99,798
171426.4,686
119518.2,57
37322.05,253
133012.8,442
206492.8,652
97137.63,701
34035.14,237
102952.8,1400
55311.66,789
108471.8,888
282677.9,1801
166901,1474
308790.3,2606
79134.93,701
178592.6,1166
3457.809,622
432307.9,12223
109314.6,515
1364.656,22
176913.1,4037
174008.3,1130
283334.3,925
104761.8,4165
170375,925
215139.5,72
106888.2,296
68070.27,164
173536.8,977
168429.2,3285
130416.2,4490
184866.1,205
493068.9,1125
195626.1,724
896375.6,994
1364.656,333
4130.863,22
111669.6,3773
141687,1802
245536.2,500
260480.2,1083
27995.56,296
6675.275,263
173977.4,344
112709.6,1386
243228.7,399
199016.9,1004
241936.6,733
99796.89,9021
179630.2,1609
566691.5,1468
261621.3,486
202578.5,567
340351.3,1261
482775.5,1468
130059.8,2105
136570.8,1105
52161.9,724
135925.9,1480
25260.16,130
308492,451
356809.1,2671
33862.81,232
258009.7,980
323632.1,984
306999.7,699
23329.63,241
98025.88,1221
85404.05,699
90720.93,3285
23681.89,2192
112486.3,232
90720.93,2728
130052.8,285
138114.4,698
168942,1410
231699.2,1096
96825.28,4504
104045.1,1103
101507.2,2403
68381.32,1480
146837.3,2246
965214,1575
19115.36,575
274546.4,90
100584.5,733
11608.65,22
147122.5,2785
354910.6,526
333574.2,435
274196.3,70
10166.84,179
44906,1789
110420.8,822
30172.66,333
88790.7,2122
115492.1,2785
295436,785
130571.4,348
142486.5,277
273464.6,1859
94337.66,6579
286571.4,1769
71176.93,1853
137582.3,127
192670.4,471
148432.8,2307
128156.4,1355
25785.21,36
148796.9,6601
216354.7,1350
68836.52,1383
157807.8,737
72576.74,1429
149035.3,767
80588.93,1263
103667.7,500
67995.13,275
373046.7,615
157086.6,1314
102952.8,1453
127853.1,549
135839.1,1813
111177,785
106050.1,470
48485.78,2367
13353.66,782
448229.8,1031
359391.8,1454
189427.5,750
398701.5,956
360309.3,210
20431.69,280
64107.53,2372
149966.8,1039
121157.3,332
67364.69,1019
118794,269
234426.8,348
219777.1,2397
60988.56,593
79422.16,6228
118969.8,570
158650.6,344
46626.95,1062
85714.48,340
122602.5,2138
658071.9,2607
202073,577
53987.75,2955
217806.7,1429
57824.84,1364
117887.5,761
145380,1728
121918.9,204
42499.42,36
370784,1820
100294,546
189170.6,1309
300347.7,1802
116373.8,7149
109362.3,1363
6609.38,343
169511.4,615
516286,1122
221305.5,1125
116402.6,323
127237.2,877
254451.2,1534
217102.7,639
187910.4,1853
120199.5,1186
352324.8,2761
39257.7,877
63467.49,7062
233953,1728
276542.1,1125
30452.72,2785
61805.57,528
366946.7,603
135672.9,583
779846.7,285
219760,694
520582.1,315
237797.5,1186
188877.3,956
674799.1,1154
68381.32,689
213266.9,1507
4287.651,22
94873.22,775
125202.7,970
112330.3,700
63749.13,358
200429.4,3664
327802.5,342
114814.3,1744
212743,211
131821.2,1244
54140.91,877
65898.17,1981
61872.51,871
305125.7,1662
16793.51,1507
508902.5,1534
34345.69,1265
80463.91,1467
18883.89,237
135531.7,439
135419.5,2367
171980.1,1304
653202.4,2026
75761.26,239
171758.3,1292
131856.8,3285
52026.82,1274
246017.7,1534
73208.09,528
367249.5,700
57763.53,528
504079.8,593
683417.8,1194
126686,1114
105036.9,2397
303140.6,1299
260652.1,1907
394783.5,2307
101217.9,1776
219384.7,1180
317565.3,2822
302723.9,542
76267.08,528
89799.3,1467
267384.1,601
56221.41,1369
60106.54,1515
51284.06,1274
52936.38,1289
73459.9,1243
680128.4,1014
592256.3,348
306975.1,798
17596.18,343
243018.7,433
107697.4,1348
839596.8,1919
81763.45,318
337.0694,33
115931,800
226764,800
154778.1,779
50867.21,395
41249.28,2728
61194.02,724
143059.2,4373
516351,962
708248.7,413
172581.4,1386
366998.8,722
666008,6651
210470.2,3897
217141.9,2367
405359.7,1255
403702.8,271
106029.9,622
237660.4,1746
80418.23,4681
189356.7,820
46235.86,1105
90720.93,546
58232.76,497
463239.4,660
95015.32,3409
380828.3,9021
90720.93,967
52877.35,3730
405258.9,740
82496.68,1564
164835.4,1538
92458.06,83
185383.4,1801
60050.86,2277
205598.1,339
46311.07,1405
110396,366
264430.3,1305
53141.93,1014
169666.1,1400
309078.9,1125
191219.6,2367
89638.66,1769
122348.2,366
21167.06,1802
95656.34,934
127277.3,366
75913.92,1149
433375.6,1611
152870.3,588
131015.2,1125
825256.8,1611
61872.51,471
114210.4,2846
196211.6,654
203386.4,143
195282.5,560
215227.6,1197
105671.6,436
95694.73,433
142766.7,433
85669.37,771
196444,1186
99333.27,2728
152603.1,800
168252.1,120
20413.91,622
165786.1,707
107828,1919
445033.6,1955
175128.4,581
23313.47,389
286091.7,576
82303.8,112
205281.9,1620
70242.88,622
138916.2,3609
343247.4,1680
269710.9,169
39610.07,2753
321941.4,433
356576.2,947
310942.8,1062
311796.9,1378
183338.1,593
249369.1,701
579649.3,1125
206108.9,5568
249009.5,761
210500.8,1125
139165.7,2138
173656.7,2217
244740.2,1648
115537.8,124
209610,211
251843.5,285
32457.24,12
76970.48,1125
951041,298
43494.9,2535
235295.1,749
104111.8,275
540044.8,973
45095.54,3095
122796.6,3609
363063.8,909
346664.8,77
211736.7,2837
605878,1050
272580,10715
10373.43,514
5581.944,22
139504.6,728
109816.1,316
76028.3,7772
247076.8,688
92458.06,204
69382.08,1258
290548,75
120131.2,5277
12065.01,1491
429611.4,289
386273.4,1357
22032.88,13490
304827.9,707
306612.8,431
463490.3,228
358763.9,271
222239.8,366
60908.96,1071
144796.9,2846
144801.5,1968
214751.5,605
120196.2,681
136247.4,1919
464720.5,750
227729,417
136245.2,698
259479.3,397
146624.8,148
163502,6058
336988.2,142
87555.13,792
171261.6,785
313439.4,1357
3457.926,980
155578.8,316
395537.2,7149
417146.7,234
447255.9,1813
90149.66,6800
240862.5,2666
116456.1,862
227188.8,543
350938.8,1813
137047.3,728
266092.7,579
105022.2,2776
120124.9,1265
94746.59,10932
48973.27,1062
49407.15,54
146352.1,8344
377947.5,253
277297.8,1314
26405.22,2728
73653.3,1507
184993.4,930
11163.32,560
42328.51,884
578685.1,1186
4379.841,154
0,277
292837.9,2367
28848.42,575
107067.3,2367
91590.12,112
22791.89,1802
34426.9,331
237731.8,971
70717.48,752
24513.97,497
62030.59,1033
220865.5,956
170290.3,569
213993.4,557
198897.9,980
180109.8,205
291882.2,635
129218.9,738
346253.9,228
182563.6,1660
144654.6,261
144585.7,1357
11593.02,389
315421.4,110
85493.98,141
143775.5,1376
111206.7,232
290810.3,4504
183683.3,519
269976.4,101
181299.8,1534
7146.085,497
172242.9,2671
146838.6,112
209267.6,1981
137705.6,1859
107890.3,698
683019.3,1375
586579.6,1380
60099.77,476
276147.6,404
234977.6,519
186953.5,311
113569.9,1061
144038.4,800
352014.8,141
85107.66,98
133648.8,1334
373124.4,2032
141356,2776
86471.4,2753
80427.55,204
49838.52,6599
64902.11,13490
151726.7,435
159246.8,470
118490.3,698
65985.84,698
93037.2,616
28956.1,1994
181369.2,1429
98953.15,698
202672.6,655
20383.33,1802
81285.76,668
51751.19,2753
292952.7,2217
190918,1981
194060.3,1253
109397.8,1853
451514.8,2605
269104.1,3773
222516.8,688
117589.8,569
68571.58,5108
20516.33,154
1699.37,154
270883.3,1502
229793.8,497
24439.09,102
73741.25,120
351168.8,583
57799.16,164
142588.8,357
123182.7,2730
97002.19,455
668837.4,429
33375.95,1383
162866.3,2157
127790.5,576
96933.27,1289
113216.2,1161
151773.3,775
154905.7,900
296.5064,33
235977.9,358
241512.3,716
401514.3,1014
92716.35,1180
309628.5,1301
323023.6,818
141800.5,1680
215790.8,795
0,1364
93237.34,560
11672.58,1789
137594.4,980
106893.1,4563
144111.2,2175
142230.4,900
763968,6527
125860.5,1994
73188.29,560
5520.734,724
181757,897
969585,1089
468324.3,655
119576.1,1244
228801.6,713
475280,723
122604.1,2176
23808.52,12
95850.34,1372
344613.1,477
239112.2,956
568589.1,413
126432.2,2397
147309.6,569
149966.1,1555
65838.31,237
259085.2,601
161809.5,1032
24054.76,1802
124410.9,1078
229818.9,894
145688,1380
102123.8,3049
128075.3,880
186681.9,4046
322363.1,6676
192737.6,455
366414.7,474
367365.5,528
190065.8,1986
324768.7,1357
126785.6,1364
149948.3,431
153707.6,1096
59881.63,775
538080.1,1378
280208,1584
320816.2,759
138283.2,615
160268.8,2302
160268.8,1701
21099.73,36
495275.9,271
259621.9,1986
320033.7,1620
124655.2,1065
354755.8,1032
299015,1136
186945.1,763
54538.45,2871
92735.34,1859
113714.6,785
195525.8,1986
22655.94,1522
160779.5,957
221623.2,549
46144.01,1378
54804.37,395
192802.6,1301
43951.94,897
74859.25,57
51535.41,5108
94325.63,1806
114034.4,1405
36732.84,567
126733.7,973
159645.2,1383
211955.8,1509
89469.55,2505
66934.41,373
145252,296
52286.95,800
83243.82,1754
32272.85,560
51285.99,2439
22023.22,775
123386.8,1609
263358.7,56
164184.8,1981
72454.36,737
40051.65,2495
38478.8,775
53104.59,897
734078.4,470
196113.4,1986
124414.8,1254
445862,1164
120961.2,275
189059,2181
99242.94,389
213476.5,719
134314.9,654
28219.01,354
208906.5,255
42328.51,726
74226.96,7149
115918.2,560
314330.6,1981
191312.7,1263
19931.13,154
202578.1,112
279919.6,179
128418.4,207
181032.1,301
106878,3086
37759.91,1929
281521.4,1546
95694.82,395
296182.3,1268
219957.1,959
268653.2,1203
227139.9,900
212136.7,409
169815.1,2106
99682.01,7149
52718.54,528
133435.4,647
37299.73,3445
52702.12,1386
237996.2,1164
621900.4,140
123126.1,546
94175.32,769
129931.2,694
485150.8,723
114749.8,275
183227.3,9498
85123.84,777
124444.6,1378
398392.7,752
432902.7,289
153448.1,826
181746.5,807
269388.7,960
159629.4,1544
266658.8,160
316017.9,289
120871.9,2846
138730.5,980
56487.96,301
70745.05,593
60688.1,1363
195761.9,2557
96418.71,4046
188498.1,366
0,301
50244.38,2403
197254.8,110
122911.3,576
90720.93,1306
214485.2,555
149635.3,528
127139.4,1363
279491.7,998
173972.7,5108
141800.5,980
174479,660
620459.7,1490
322066.3,255
431677.7,1564
72135.62,2753
90233.89,155
510184.2,657
108982.8,124
152881.2,172
296258.7,1062
59856.07,778
155518.5,555
354611.1,251
149969.9,318
60548.44,560
278225.5,110
155495.2,779
165673.3,1474
144644,567
317652.7,373
84005.23,6599
181452.4,433
244125.9,1309
178147,1490
85670.72,410
82349.51,332
81345.08,85
69549.2,1491
725761.2,1354
312756.8,5732
187088.8,1744
584298.9,409
349095.6,108
181029,584
184337.5,451
67722.68,543
163880.1,1659
181376.6,897
534441.1,255
272516.2,773
114336.7,853
928743.1,443
153805.8,1611
286951.6,11093
548501.8,754
63241.71,4563
166893.9,9971
152898.1,445
153894,528
147846.5,1919
199670.9,1859
61872.51,5396
68530.32,1143
76555.79,2176
91196.38,983
208795.1,1765
72682.84,2176
114764.3,498
131234,1003
323028.4,431
137930.5,846
338837.8,960
51285.99,1859
26086.75,591
114801.6,977
142457.1,2457
181441.9,1994
437878.3,5127
88823.63,451
88888.99,1194
356409.7,1386
191818.8,373
158634.3,2609
361684.8,154
68071.23,1835
319754.1,3152
123935.2,761
412747.1,635
207358,168
87102.54,2801
112399.7,1776
166516.2,697
134314.9,324
57626.55,2505
194999.5,1369
231957.1,56
237957.4,343
133305.5,700
11685.02,622
179371.5,172
49396.09,575
-7754.714,333
224537.7,2210
222516.8,2155
525893.5,412
36077.29,4632
43360.43,1096
162976.7,1821
91338.48,2192
148330.4,1078
199829.8,488
38693.53,12
343616.7,1014
85545.79,3086
152489.1,549
197117,2176
85143.62,486
120286.2,320
187558.4,846
166028.7,1545
45578.13,296
45499.09,462
13321.99,1981
92780.23,7254
319102.9,1400
433384.1,701
288061,528
261339.8,1414
1451.081,130
5581.944,130
232275.2,8864
66973.34,6599
142882.8,569
102903.6,784
51601.93,445
392299.1,1821
49531.6,79
160315,58
16562.2,6469
158460.6,738
139665.4,712
228563.4,1751
176453.8,1216
218577.1,731
141800.5,352
115393.7,1930
92590.7,2457
72622.35,119
4445.805,1047
47068.24,237
155268,1309
27995.56,1405
394881.7,1960
228105.1,143
219102.4,4370
245507.5,955
156317,3526
86950.98,599
217731.6,445
615020.6,2157
47266.37,85
45959.57,1216
131101.3,12223
109846.6,143
153353.2,1981
166680.3,567
176014.2,433
310182.4,642
185927.9,1039
228921.4,2320
327045.8,387
21363.92,1047
361705.8,981
116661,2607
17512.88,526
109421.9,323
310070,1003
179629.6,2176
227691.8,1065
176639.7,581
199914.7,497
502355.4,865
5341.956,1047
14590.72,164
14292.17,497
40863.38,754
143344.2,3609
273477.4,1313
1658.378,33
225923.4,731
360376.1,827
91370.77,4046
4742.898,130
72448.69,622
732395.9,1973
748021.9,1522
241997.3,463
185485.4,716
191771.9,2671
196708.2,973
170802.6,1454
201814.9,1034
114587.4,5929
105170.2,108
64502.42,2730
720514.7,6318
149254.1,1292
10719.13,497
133035,366
379804.3,2761
153682.1,366
794838.7,716
28523.19,124
76156.07,366
507687.8,1122
142353.9,124
215801.1,1414
201015.5,1005
592369.9,181
28221.18,12
68187.48,1386
113617.4,591
325348.4,169
94238.13,700
284538.5,1013
130784.1,366
112377,366
289225.9,445
251129.7,366
185759.3,366
56941.54,707
97067.15,168
115806.5,884
128850.9,500
115626.1,366
295541.9,414
136749,366
340151.3,165
992514,117
486698.3,204
90720.93,366
286872.3,143
273121.2,1274
54710.82,79
59545.76,1802
69337.7,1003
396410.1,628
674935.1,1802
33899.99,980
94902.57,244
36793.66,275
644560.8,1161
36684.26,710
149475.5,251
591530,165
52343.75,689
197429.2,110
183783.1,679
32473.47,455
546620.8,1216
335554.6,1468
146792,1927
1934.775,130
0,3049
193669.2,134
30720.94,1258
162675.1,2606
103816.6,798
40207.23,455
166981.1,8344
122682.3,3990
229142.5,1620
103447.9,470
204718.5,616
187328.6,1338
62159.64,1491
219659.7,884
419980.1,897
169314,479
164630.1,754
71417.4,77
250804.8,800
147738.4,1364
131921.8,300
204857.3,2171
129321.9,6058
82496.68,716
162374.9,1084
121984.9,1338
157464,1534
120677.4,269
73150.89,1919
141506.5,934
100912.5,696
195639.7,782
212136.7,1069
177672.3,1143
34190.66,524
78878.27,232
114150,726
994911.9,211
150602.8,2238
55197.98,1620
92615.19,528
25199.39,296
178147,68
125773.3,716
256380.4,1384
67839.69,13490
39958.83,2192
118487.1,978
125371.5,462
98892.89,1096
59759.11,298
201567.4,479
188123.3,486
212009.3,205
77880.73,1253
6674.521,296
163552.3,915
92317.28,877
72248.8,85
342453.9,24427
122230.2,1448
531544.3,1620
100654.5,3086
833991.3,962
281302.6,2225
43575.16,389
149607.7,494
379262.8,1208
588220.1,599
419117.6,1885
206706.7,1050
162873.6,368
276746.5,5127
280009.5,2730
498900.3,1507
242697,677
101371.1,800
27750,1507
142056.6,1206
186184.1,1154
388354.4,462
417697.3,876
226363.3,537
341190.7,959
94574.07,719
116711.9,207
146919.8,853
99646.05,1364
250009.9,1100
131370.5,777
287551,549
64996.47,1234
127883.3,8728
389593.6,1680
46469.06,296
134314.9,1805
267344.7,1501
2963.836,575
73793.07,1683
63890.75,455
184636.6,387
336566.6,1813
177920.8,1089
852499.6,1981
55660.64,2192
49320.36,724
320537.7,479
120776,373
104351.7,707
210339.9,1050
635152.6,442
18514.4,800
82015.84,635
188105.8,1789
153646.3,352
77148.39,6058
22836.65,343
59481.96,733
376813.3,2666
738797.6,884
608043.6,540
420523,397
230561.6,1735
162334.7,608
106845.9,1448
128234.4,6058
21438.26,323
222810.9,441
241456.4,1776
191209,488
16102.66,726
143295.9,2367
70509.84,12
145457.3,455
431749.7,1509
301098.6,773
34383.88,880
152619.9,4587
113169.1,750
158390.5,8728
0,6058
592117.3,6651
67625.66,1929
115999.5,1919
162454,1118
121671.6,442
4889.373,1548
407585.7,551
171980.1,1301
26488.1,5732
370956.2,651
144469.8,1929
90.69483,333
149023.2,954
19164.41,1066
164054.2,2583
156020.7,759
403119.3,451
160268.8,707
85913.93,888
51768.45,102
405792.3,599
116544.5,445
166792.9,148
308660.4,1355
89020.21,846
607613.8,1364
152898.1,3676
97949.24,738
100390.7,1105
103531.7,366
255553.8,1796
199746.9,110
164568.6,871
48750.29,339
168316.8,1254
333656.4,694
431952.3,1303
817731.2,474
132473.3,537
106845.9,754
91546.84,271
424286.4,599
74054.97,141
59992.03,232
157977.6,528
108471.8,888
168614.6,822
212356.3,1143
203864.1,712
185342.8,528
107337,232
160268.8,1712
231635.4,192
114105.6,701
83475.14,1877
635679.5,7254
89638.66,800
108448.4,569
4503.318,22
711932.1,433
254093.3,1386
361054.8,154
77537.74,462
140651.2,1660
66875.77,1491
86777.46,514
288167.2,393
211927,1448
232108.6,393
200563.1,539
642820.9,1034
71441.41,2671
205186.2,1069
144642.7,1919
139739.7,1357
130703,3457
65898.17,5396
72301.52,302
141694.8,72
378986.4,1136
0,1981
148805,962
232211,279
142353.9,1258
88222.32,1258
185548.9,298
148799.5,75
165543.9,471
157183.4,166
41494.41,1507
127448.1,757
354165.8,354
204083.3,1802
259208.7,972
83687.67,1063
14860.35,237
152785.9,1216
33046.9,130
152045.9,1356
149689.5,3884
21875.23,179
100736.2,601
53590.09,85
220631.9,1203
56941.54,980
58679,496
63104.27,433
136319.8,1726
850839.3,169
105863.9,528
701259.4,1203
56484.13,1744
150727.3,455
475451.5,1357
156691.7,955
45976.84,1660
78257.34,1356
64043.18,1648
214751.5,1981
731883.6,599
213839.5,1973
93323.88,5929
131556.3,752
56624.78,13490
99148.25,7149
238070.6,368
194020,1137
164971.4,7254
134558.4,616
50668.76,2728
182570.9,344
150086.5,4046
114929.4,560
227382.5,1111
236214.1,557
133610.3,896
267231.7,403
123591.3,6058
104355,2367
80917.02,1660
342069.4,2867
89581.38,1314
4149.441,575
124588.9,909
111639.3,1356
197036.6,6300
161598.4,1208
176691.8,399
67451.03,1149
44637.29,300
33862.81,3773
676422.5,397
65898.17,7969
116736.3,696
406594.7,1125
910563.9,302
118487.1,8864
37759.91,343
346472.6,2171
118977.6,1417
342178.1,1564
55197.98,112
246845,579
65627.1,179
347791.8,652
78238.79,2955
100270.1,1454
51285.99,445
123557.1,1305
143867.4,798
423304.2,7149
117075.2,1726
246845,570
41028.79,2807
258598.2,771
10719.13,141
156879.7,2367
115505.5,1491
184880.7,179
157988.9,8467
86777.46,332
139592.5,580
409083.2,905
208458.5,373
56940.69,42
100872.4,526
120406.2,1480
268949.6,142
300355.7,433
69549.2,366
327167.6,110
37113.39,1405
146452.1,1779
36956.8,567
100934,464
117943.9,1680
188892.9,593
193765.1,2671
91240.95,2730
81377.38,560
66919.27,85
104198.7,9498
261549.9,608
207358,1004
206016.8,1776
243180.5,722
37322.05,1776
35689.18,651
55311.66,2871
66709.49,775
410064.7,767
298963.7,57
38012.18,1071
154934.7,608
211114.7,1726
41464.08,334
80151.1,296
161063.6,253
394778.8,1801
124049.6,782
6005.461,33
207242,339
107652.6,662
279274.1,905
202547.7,606
87137.26,3445
34028.96,1502
508219.8,11127
46280.35,5929
408196.8,70
309346.8,103
142293.5,1157
302675.6,1003
54323.26,1480
163890.1,829
191499.3,9717
274678.7,1453
333856.3,543
25011.3,6058
231144.8,1545
165944.2,1034
329995.8,2871
101278.3,698
136906.9,124
205021.3,1994
376701.3,1994
30749.62,339
148356.8,2785
55081.55,433
592462.7,688
689587.9,750
63689.2,1364
135129.7,1994
252501.1,103
172779.5,143
362883.7,1407
154012,608
232133.5,971
129227.7,886
149662.6,1548
81100.67,1061
330178.5,1453
87255.72,1620
794129.6,1216
157035,1986
328238,2867
155483.9,366
51418.32,141
129284.8,1859
43328.54,399
296333.8,11762
90720.93,2345
267827,3504
295048.4,410
89680.01,651
56438.02,1364
92968.3,72
395244.4,1986
196202.1,110
283219.4,275
101797.3,366
106980.1,435
89164.23,1024
35653.99,820
188429.8,1776
582699.1,1968
140263.6,1903
209134.1,931
140861.3,1303
92938.13,798
109992.5,4370
166926.2,4165
21519.32,980
603342.6,1276
290467.1,1611
380044.1,1262
50507.39,560
383783.8,737
402944.7,7254
71455.86,1022
291077,1801
123709.9,255
400481.3,5064
256574,1013
396815.3,580
70074.75,689
118911.9,3009
342932.2,1903
116121.7,123
62538.3,731
109720.5,77
134491.7,1096
166573.9,757
133597.4,1063
113194.7,50791
169605.7,1522
80588.93,761
88981.82,486
239280.3,998
147729.3,479
99619.58,3615
76823.16,778
42328.51,339
151284.2,1927
277282.1,940
23551.86,575
2902.162,130
116791,1776
73748.88,2505
973043.6,2106
142940.7,433
475395.3,1380
97302.92,688
144997.4,366
196962,1364
240341.2,410
488672.2,2867
114721.8,769
145941.1,544
223292.3,44
109721.5,1166
409069.2,698
98998.64,716
136947,1454
70610.83,342
33587.37,275
68911.16,1663
116827.4,1186
78832.14,7969
356025,1960
388320.4,599
368037.4,1105
101159.2,1004
246674.7,2557
61295.07,569
421598.3,2609
40903.89,1199
200876.6,757
278135.3,730
196221.1,759
72054.81,2671
350018.5,872
224035.5,2730
100487.5,2307
291201.4,341
404861.2,1071
328013,3049
346406.3,275
105778.9,6058
313223.3,1907
183473.3,1474
76817.63,980
209523.7,1851
331457.7,676
191236.5,1330
508657.2,17079
296689.1,1734
54483.76,244
50326.9,523
112253.3,3609
97821.67,631
272629.2,3218
148618.2,769
20942.19,2372
78991.38,2320
182864.9,1730
156553,895
133629.1,3049
114321.5,839
180209.6,2282
72035.87,291
112333.1,366
313894.1,829
1568.263,154
120265.4,68
88227.3,1007
141097.3,1005
131890.6,1697
148553.6,1973
111216.7,1548
63707,2367
106932.2,488
120199.5,1681
134540.4,1384
582588.2,3664
243533.3,110
288379.9,2114
583811.6,750
92458.06,494
8052.243,333
568720.7,1683
150405.2,2535
96544.41,232
259383.7,433
33862.81,2781
96395.23,216
88640.38,3457
125395.7,767
207401.9,873
112995.5,366
170767.1,205
82694.64,2181
419047.4,1254
77.73843,22
28723.53,354
224281.3,462
121042.1,1206
65072.51,1039
124683.1,2176
51909.63,12
74269.62,723
157703,929
244444.8,1967
334102.4,90
20105.89,179
35644.05,526
124885.8,1364
741080.8,1209
361519.9,1660
240011.3,337
75625.67,2307
269301,570
116777.3,3445
104556.6,323
141506.5,331
150439.1,844
117734.2,9253
87923.66,445
196990.9,348
87336.43,410
110623.3,110
191459.4,1355
553079,1940
304705.4,1263
78348.36,792
50500.52,6599
147455.1,17079
109004.9,344
315616.7,679
94903.34,339
268729,668
354309.4,1021
63724.07,3449
491679,98
81101.8,6300
196324,1700
200677,2730
81970.86,2400
193422.4,2781
96585.36,1096
59398.71,1199
102109,1851
704735.7,1620
113407.2,1802
115680.4,543
114285.8,140
161481.1,1180
118340.3,655
290068.2,915
103447.9,543
252540.6,499
201015.5,876
117655.3,888
86877.23,296
297568.6,583
106845.9,1532
134557.2,674
366462.2,1279
100662.1,1105
248823.3,1203
179509,701
260467.3,782
97662.31,2740
155455.1,603
72382.91,1859
209978,1258
254421.3,438
180728.5,5581
33657.15,871
222504.3,1454
120680.5,769
155065.2,1197
175809.1,863
99188.3,3730
117343.4,731
32144.93,2728
200711.8,1111
72117.27,737
511955.7,1301
649023.6,696
113263.6,1968
159049.5,9498
71176.93,1253
37677.49,275
27745.96,102
49817.65,1853
358109.5,1357
204137,713
214800,393
20746.86,304
12091.38,36
290955.8,954
510136,1258
12254.87,164
132002.3,433
38842.86,301
399932.2,829
160251.6,944
223866.2,140
2860.832,334
320608.5,2114
178895.6,1045
722881.8,479
164007,3471
947260.9,263
154102,1125
24827.44,818
156093.5,5568
114034.4,5064
300902.9,832
80603.16,737
102572,3449
93443.34,580
293124.3,410
379184.7,3990
203864.1,2114
139750.9,275
86769.91,301
742455.6,366
92003.62,497
93596.62,499
215604.3,723
145600.7,1802
90719.79,737
505341.4,688
172779.5,1337
208907.7,1429
147542.6,1048
57000.38,275
122083.2,603
309944.9,2114
23313.47,3449
15622.37,2671
93114.86,2176
235998.8,754
200442.4,1161
237366.5,529
218918.9,2730
196517.8,1704
323599.7,2114
53161.48,179
64107.53,1357
314023.2,754
407547,1031
36934.76,130
212491.5,888
333585.8,1580
190220.4,701
133046.7,462
372732.7,1813
47211.27,366
36849.52,13490
45543.42,2871
762957.8,698
260174.2,2278
53826.49,2264
114336.7,1789
406558.3,940
149055.6,462
97274.28,50791
75979.39,1355
36169.23,761
348888.4,674
225414.5,1816
64054.91,296
432586.1,1031
199252.4,2753
181441.9,98
299650.5,1244
126670.1,1004
55613.63,1384
60099.77,401
361224,271
6915.735,455
150500.9,930
130513.8,581
88242.62,1789
251199.8,599
181961.8,679
95105.68,719
133314.9,1031
41114.35,1973
298562.7,608
67331.76,4490
16454.02,497
53422.94,461
686131.7,1222
225163.5,1697
421951.8,1096
214620.6,796
328273.4,1101
289010.1,533
90149.66,4563
164658,773
204713.8,652
425507.9,234
101371.1,534
41494.41,761
630741.8,1701
56639.86,1260
399756,1216
12528.45,1047
79243.09,1040
421102.3,1813
117259.2,884
170649,2730
519366.8,754
112497.5,3457
657084.9,1608
98010.19,1918
80018.02,752
49703.22,1395
400702.1,1919
242767.3,2846
201260.3,433
341649.4,382
79293.45,7969
127935.9,1779
827535.3,10715
306147.6,397
149996.7,247
284196.1,1380
41123.97,85
233705.8,897
161611.8,1522
306608,594
276736.4,179
1935.548,154
42474.24,1033
165114,800
136105.5,1813
292015.3,2238
95556.22,2192
91614.72,1555
192553.8,1313
82064.39,1355
-1638.268,179
180319.6,499
174470.3,428
8735.277,179
7334.059,443
475436.4,1143
155255.9,291
93674.96,253
77048.38,1480
195815.7,352
169513.5,759
209523.7,1410
132650.3,2397
217549.4,4165
926541.3,441
114689.2,1071
29987.99,164
233716.1,657
127626.8,3077
136415.9,798
51043.73,534
109875.5,1448
129112.3,1414
222386.5,1700
287225.4,1143
129106.1,1789
61404.7,237
410940.1,210
179942.5,493
137224.7,366
80955.42,1369
75078.92,2403
67688.24,1816
823327,962
113478.3,1143
118839.8,603
248836.8,277
134711.5,332
142008.2,652
33159.5,275
189511,323
74681.77,588
72835.62,1125
45.34742,36
122602.5,1816
106801.5,496
277713.4,1061
87522.65,546
193600.9,323
181671,896
157982.8,1509
255289.7,280
64222.58,1005
89414.62,731
228564,459
82699.77,555
124724.6,1851
54319.66,36
115393.7,433
68325.34,3805
176662.7,462
297534.1,344
121131,75
41078.71,11093
236109.6,1033
255533.2,3457
555820.1,1376
147570.3,722
114835.1,859
243892.1,740
195283.8,769
76160.98,490
176339,1789
157982.8,750
70063.84,2192
91142.69,1063
120967.7,5732
169015.2,1363
224571.8,148
159425.8,653
103605.7,546
110149.9,1454
199060.8,1143
94495.51,1068
109856.2,2372
351410.3,1209
120759.3,83
25573.23,237
56106.72,110
214947.1,771
389602,21042
23964.67,275
67374.15,724
200691.1,331
84537.27,187
49362.06,339
358409.4,416
200158.3,775
181441.9,401
229948.1,576
7907.276,102
381833.5,117
225584.7,2332
107900.6,1515
126375.9,896
508337.7,1986
78928.02,897
35450.14,2395
148727.2,606
41276.92,2740
105337.4,373
101200.7,1754
147043.7,1417
306979.4,6651
93390.88,61
193479.4,148
165064,1031
119615.8,686
221388.8,514
144431.1,494
654957.1,169
269135.2,1161
247308.8,707
341731.8,368
98010.19,2282
459231.4,4681
85575.66,1352
59378.88,244
102568.4,879
137320.3,707
375417.4,417
245769.6,98
67691.88,1545
68381.32,1172
78204.13,9021
145305.3,956
223000.8,512
38892.37,102
2013.017,154
342494.1,1601
106845.9,445
118544.1,707
42511.18,79
191503,176
189019.1,749
245478,1125
40304.27,497
70795.92,967
217200.2,1253
95162.66,54
145337.3,124
175037.3,608
154697.2,800
29336.24,275
195255.5,514
75339.32,3449
8728.092,36
141971.8,1955
63796.49,1305
142616,798
112040.5,3773
223405.3,1384
141630.9,3009
83145.52,795
182343.5,915
83763.95,373
251365.3,141
394893.6,642
112968.6,1265
522783,1005
137846.7,569
807541.3,1365
91988.58,1191
86003.23,1454
218344.8,285
53077.4,957
116517.6,275
343488.6,1776
584215.5,228
168499.5,512
220024.7,1384
106845.9,1103
119310.4,560
150763.2,528
168240.7,1014
310752.2,628
710780.5,1407
218718.3,119
97570,275
403041,581
138402.4,339
598816.3,298
385719.5,906
137403.4,7149
154124.1,967
596579.5,1089
101145.4,339
412301.5,2730
93944.01,2397
161245.9,470
140754.4,1080
52353.43,1395
41494.38,275
343546.2,417
306397.6,352
198525.3,723
470591,673
166501.1,4711
5364.358,33
30954.82,275
153167.4,442
195841.5,253
496088.1,1164
151653.8,737
86105.71,275
205447.2,1443
216571.5,4681
102824.7,707
660235.3,1859
162953.5,960
60121.18,141
263883,1143
44125.66,1480
490303.7,358
71887.75,1977
72066.77,698
116645,822
57510.2,1031
186903.9,7149
84488.38,463
131316.3,1149
226164.1,181
408880.8,676
283601.1,769
38160.25,36
76146.98,1735
122602.5,1821
193062.2,3990
220272.2,357
169946.6,462
426344,1545
287551,143
213437.2,723
92637.66,603
242974.4,642
42328.51,2955
184754.2,499
243858.7,1050
231676.4,499
109956.1,738
163503.5,1279
224672.1,7772
98589.83,1454
127111.1,2596
94251.43,410
41073.5,42
109550.1,271
237031,862
94175.32,1304
275265.9,895
200178.3,654
385080.8,1930
126023.3,253
393522.9,1122
299215.4,1005
113279.7,2730
52551.58,414
199711.4,679
62717.36,1384
61805.57,7969
51215.44,1061
328765.7,474
158205.1,800
119569.4,635
409889.3,10715
164007,818
117071.1,2331
80674.45,724
37759.91,2728
159691.4,1143
63418.72,3049
444.7596,1802
213394.2,1337
49498.01,318
194016.5,2372
249760.7,629
72119.73,3676
252970.6,4370
121727.3,164
96723.79,275
42893.85,3449
70542.92,3457
57626.55,540
80134.41,1221
83764.14,1111
113169.1,275
400597.8,1998
112025,2367
129908.1,275
103741.7,2106
31002.2,275
144629.1,973
142588.8,540
175584.4,220
8891.61,897
49802.84,334
80134.41,583
164792.9,348
183180.2,1330
355799.8,1240
15542.32,591
240100.6,669
84653.55,244
42328.51,884
264503.4,777
94299.33,4370
56438.02,1820
171078.8,4370
89603.09,980
326718.7,4370
94789.66,1400
280624.7,2685
228830.8,2785
218065.4,1960
211444.2,497
227121.5,1031
475992.3,839
104627.3,6173
134479.4,296
287345.9,271
351910.8,956
181291.9,2464
141963.3,7969
38390.59,389
56043.75,2781
154934.7,761
127843.6,4370
3316.756,130
106845.9,4370
540209.7,2397
439600.9,302
120123.8,1031
277879.6,472
66709.49,1178
268308.9,1364
66311.54,853
304725.7,696
73748.88,686
496645.6,682
243813.1,1209
94310.02,759
147335.5,271
148385.3,2955
19881.24,775
245999.7,179
351095,2730
96192.8,2122
193334.9,384
443218.7,859
46921.91,497
202458.5,2671
94469.65,726
66170.48,2367
102460.3,1967
192422.1,1417
87689.34,333
65581.48,1425
118227.1,1063
145838.6,2122
178204.8,2606
207386.4,2740
94420.59,737
80134.41,524
325975.4,952
120993.1,289
117565,6599
66846.31,2171
176951.4,2105
18064.24,546
47373.3,2272
418291.1,8340
671856,1186
327413.6,2605
72062.89,526
59481.96,900
101818.2,980
164813.4,1436
280130.2,1253
292446.6,776
52353.43,1209
142008.2,1548
287551,654
77946.14,778
182441.4,6469
115191.9,3457
148344.5,1165
89573.76,785
171553.1,179
478279.5,1779
205480.6,801
50598.21,2505
124504.8,622
92683.09,796
75121.45,763
132816.3,1003
505446.4,1414
283953,2785
108685.4,569
218102.8,2246
150118.7,6599
10235.74,179
607785.3,1266
68381.32,498
241930.2,1907
169857,555
102392.6,1061
82952.77,1364
45095.54,1751
359386.4,1222
115519.7,5064
96894.67,7969
112165,1968
52718.54,528
664349.8,433
860524.3,800
120961.2,1968
399013.6,4992
54891.21,164
267337.2,1395
30976.72,570
83326.59,5515
133672.4,551
80588.93,498
201472.3,5127
190057.5,36
57843.43,5396
98046.05,592
187278.7,679
493249.8,1490
189658.2,1363
700870.2,148
417829.9,1352
148412.6,1216
301149.3,253
97067.15,1994
86389.73,1253
37783.05,1221
323130.2,2114
90240.95,528
421624.5,390
123175.8,1853
157833.5,956
47451.29,1221
194894.4,11093
58247.41,381
33081.44,6058
376828.4,131
349433.5,1033
273553.8,343
431577.5,2302
180058,1390
149542.7,2895
141424.5,1096
143753.5,1258
116112.9,1853
149662.9,68
125615.9,512
376785.4,2505
129583.1,1364
263883.8,8467
77505.71,897
130067.9,1357
96607.43,2192
289940.2,1309
101336.1,608
84657.02,1728
134520,1301
42328.51,285
392138,1423
129584.6,354
316854.3,2114
191230.3,1130
174874.1,1180
113788.8,686
329833.4,657
311312.8,1143
223506.7,947
20568.1,462
908417.8,1194
196031.2,131
145921.4,862
722506.1,1816
301425.8,416
87379.7,1309
193793.9,521
183750.6,488
312932.8,1154
44538.61,884
165312.4,244
101307.4,5277
196447.3,676
100411.6,1061
27336.81,333
118777.2,884
10865.74,1392
292726.1,750
98172.74,6058
156193,749
107062.7,777
280054.7,1024
456318.4,579
19296.86,333
333900.6,9498
163503.5,1940
175001.6,777
786128.7,1968
371366.9,657
299714.6,1968
294232.6,1286
288917.1,500
106709.8,543
24972.06,179
323718.3,1400
26701.48,1047
160268.8,754
50344.21,354
169890.7,1364
36190.61,389
257859.8,1919
36121.77,591
188350.6,959
116340.8,103
133681.2,103
200245,875
119080.7,1000
55581.25,13490
724747.1,9253
101963.7,416
491341.8,1372
163407.8,526
141800.5,1197
109856.2,6527
241475,1209
164916.7,1544
133834.5,509
72033.2,445
93220.73,1172
132500.3,304
44611.47,2666
110853.1,1186
107667.6,1071
75761.26,214
402476.9,412
343419.3,657
92387.3,1802
150602.8,820
220674.4,1031
49128.54,1069
210231.2,1919
78564.77,3457
112213.4,875
13896.43,1507
696902.9,688
262668,211
99832.93,569
4379.841,154
165244.7,1322
113169.1,352
102572,540
167082.3,1564
39895.88,1802
212175.5,930
419506.9,1395
96143.79,339
254027.2,352
63977.12,798
670035.9,1322
200285.6,576
59325.34,2583
115121.5,393
170816.6,433
77822.37,2176
303957.5,3381
98325.08,1063
47863.46,124
208751.8,1109
301866.5,875
51535.36,451
458858.5,1968
129824.1,567
522835.4,21042
245205,1820
203362.6,2217
81085.77,1096
196594.8,889
31084.63,622
167897.5,228
168291.6,523
157748.9,2326
185788.2,1114
386611.2,731
615271.3,761
337328.5,2278
163546.2,387
80824.42,591
112403.6,884
321376.1,110
92458.06,300
160268.8,1534
206725.5,1429
49399.2,919
248234.9,404
144831.2,1004
105231.2,888
293814.2,1973
151634.8,131
99393.82,724
23990.39,1301
390704.4,1875
116402.6,228
261307.6,528
256348.1,298
173585.5,2105
87848.41,5108
260818.2,104
144886.9,4046
170144.9,139
65507.61,1835
1464.227,36
82596.2,1216
108471.8,1364
77219.91,549
39915.5,389
265663.1,5396
289622.7,117
45027.97,957
823336.9,246
471474.6,1161
49498.01,792
339835.6,72
80417.8,528
10719.13,36
65898.17,110
346999,1343
140743.1,879
242023.8,629
171902.1,1261
152443.4,1206
287914.3,1648
135705.1,778
15560.32,622
162932.3,2176
282718,1376
378544.9,1663
97478.06,389
621521.4,143
262110.5,1221
545162.6,1813
126349,315
108471.8,2846
237141.2,2730
40867.49,1660
44364.52,455
108670.4,1364
470113.8,5064
266613.3,9971
152310,1861
400785.8,1305
40033.28,72
248178.4,8728
297778.6,3421
201472.3,401
237477.4,528
388685.7,1125
196447.3,5424
74562.55,2175
80875.63,1452
242618.8,688
307244.3,2397
125695.6,962
98714.62,1004
49498.01,925
163350.3,1973
1768.54,33
469934.1,252
72517.13,579
290626.3,1296
735645.3,962
145600.7,2007
755318.9,1501
41078.71,315
209423.6,1206
299226.7,239
273069.8,865
309573.5,994
34142.88,296
136312.3,2728
100735.7,591
183577.6,320
274928.1,1384
376701.3,1410
369687.5,732
145489.5,3457
408103.5,54
47420.97,2192
150831.2,486
107127.3,980
94162.51,1480
212136.7,1206
182587.9,984
239880.8,914
186163,263
153476,1474
278208.3,800
119428.4,445
255338.8,263
99749.54,2395
336640.3,425
282857.6,954
112781.7,707
49498.01,2505
108311.8,164
430259.5,404
30979.38,980
762773.3,479
86825.64,2776
43001.61,1243
137249.2,1730
236634.8,665
57346.07,13490
84274.96,1820
249533.7,1994
58602.58,1802
84203.1,628
254468.4,984
112366.6,1032
106095.7,2367
62275.91,2372
396894,761
165533.2,2176
197982,551
148478.3,1299
11608.65,130
149930.6,865
205144,463
36588.03,798
0,164
80705.3,628
178760.1,798
117592.9,1206
142986.7,660
341933.2,1031
67864.88,1314
56438.02,863
84626.24,232
74884.59,581
15380.06,1384
137953.8,366
387455.4,2020
251934.5,973
61732.8,332
65441.79,3940
113581.3,44
230516,877
83973.49,621
467037.3,1154
203822,2035
123636,1137
287551,766
51285.99,2505
104736,205
25696.79,1386
149996.7,795
556412,2155
66013.06,433
360598.6,271
135780.7,539
151949.8,366
234336.6,688
129421.4,846
86777.46,332
77530.99,540
72604.87,390
107900.6,7254
181627.5,387
87757.8,187
224647.1,7149
62005.12,79
151176,761
178555,7254
139504.5,344
124994.4,1490
249418.8,2367
188580.4,716
142255.7,1490
190301.1,2032
235811.5,512
571336.2,2666
146635.6,1209
245205,818
146362.5,2285
172763.9,5568
85913.87,42
205144,688
184866.1,978
84046.41,749
209811.7,952
144632.5,348
652253.4,653
267768,4490
279979.9,9253
90149.66,524
325898.5,1031
112945.4,983
60822.64,8864
546163.7,5108
116908.2,1789
253508.7,2171
307528.5,2285
215139.5,761
179430.6,571
123273.9,629
390580.7,509
57510.2,905
88255.07,1890
143452.8,166
744415.6,72
282550.9,930
38469.3,102
95939,4992
81335.57,244
137249.2,1522
169138,599
266569.7,314
152695.6,490
344259.5,7149
140406.2,800
34994.45,1769
231631.8,12213
189699.7,205
96544.41,1555
60134.73,164
218937.3,639
192422.1,2464
447642,2138
53138.94,3990
8227.626,1348
112952.1,298
67842.39,1062
109607,1240
139504.5,436
137144.8,515
236349.9,1209
254005.6,1407
190510.4,929
83019.23,4046
95655.48,1859
536399.2,429
207221.9,6599
56866.05,778
187328.6,1468
120875.9,865
128357.9,726
73449.15,652
189493.2,980
80134.41,1474
282181.7,723
80989.27,563
607391.2,2020
329268.1,1400
82038.02,421
32265.14,575
42310.82,12007
358645.8,665
108471.8,1305
234862.7,3676
65215.98,543
37404.48,1776
180377.4,619
102488.2,5929
57888.83,1348
95085.07,1004
130883.6,117
97946.53,2157
471315,1847
320552,2871
57342.22,85
654097.9,653
198075.4,728
187295.1,576
265551.2,1253
321524,1821
168029.4,2063
263283,984
181729,514
141924.2,652
205407.3,1100
211795.1,479
235632.7,1031
20638.17,1507
56438.02,232
45805.69,1436
475322.6,1821
271061.8,2285
192561.3,54
162651.1,2605
82117.22,275
143771.4,677
154865.7,540
402944.7,7149
211205.3,4504
155510.9,701
75064.63,1507
221612.7,3004
134314.9,433
660724.6,804
200659.1,528
28944.42,591
189388.4,738
448340.6,1808
139852.2,775
168320.2,2063
56438.02,497
314065.6,488
204791.8,12213
374444.9,428
57563.52,1551
193830.7,954
63290.51,1113
90740.45,896
78451.3,654
128772.5,1480
206406.3,2155
118493,2403
83394.91,4711
316045.9,654
155062,6527
333502.7,628
161824.8,2397
60643.13,560
44125.66,1751
76823.16,524
57332.15,980
347753.1,298
100533.4,366
129827.5,822
176097,1355
526780,981
326736.9,1701
322635.7,783
264986,1216
123465.5,972
354178.9,352
312194.1,557
282138.7,6527
168320.2,1221
323756.1,261
967226.1,1501
92055.39,3187
158748.7,1161
236974.2,500
117925.6,606
167010.5,1143
207185.8,1216
165767.7,393
125672.6,239
111456.2,2285
154446.4,1216
309038.2,2217
196957,5277
68381.32,2439
181746.5,583
345896.6,1198
190402.5,1820
227428.4,1853
478963.5,451
140318,3730
269933.7,1548
170139.7,1351
330222.4,244
144501.9,972
223253.9,1365
148265.2,488
176334,731
556324.6,234
78308.47,1386
106845.9,1330
33883.02,214
104811.1,1853
117082.7,654
106845.9,143
82496.68,204
90149.66,433
71453.01,732
105561.7,549
615998.2,463
